archivo,fecha_archivo,emision,semana_proyectada,fecha_dato,tipo,seccion,subgrupo,concepto,unidad,valor,limites
PS_20260929.pdf,2026-09-29,mar 29 - sept 18 hs,28 de sept al 04 oct'26,2026-09-28,Programado,Temperatura,,Temperatura Media Estimada Anillo Bs.As.,°C,16.5,
PS_20260929.pdf,2026-09-29,mar 29 - sept 18 hs,28 de sept al 04 oct'26,2026-09-28,Real,Temperatura,,Temperatura Media Estimada Anillo Bs.As.,°C,17.5,
PS_20260929.pdf,2026-09-29,mar 29 - sept 18 hs,28 de sept al 04 oct'26,2026-09-28,Programado,Demanda total,,DEMANDA TOTAL,MMm³,133.1,
PS_20260929.pdf,2026-09-29,mar 29 - sept 18 hs,28 de sept al 04 oct'26,2026-09-28,Real,Demanda total,,DEMANDA TOTAL,MMm³,126.8,
PS_20260929.pdf,2026-09-29,mar 29 - sept 18 hs,28 de sept al 04 oct'26,2026-09-28,Programado,A- Dentro de sistemas de transporte,,A- DENTRO DE SISTEMAS DE TRANSPORTE,MMm³,118.6,
PS_20260929.pdf,2026-09-29,mar 29 - sept 18 hs,28 de sept al 04 oct'26,2026-09-28,Real,A- Dentro de sistemas de transporte,,A- DENTRO DE SISTEMAS DE TRANSPORTE,MMm³,113.4,
PS_20260929.pdf,2026-09-29,mar 29 - sept 18 hs,28 de sept al 04 oct'26,2026-09-28,Programado,A- Dentro de sistemas de transporte,,Demanda Prioritaria (R+SGP),MMm³,42.0,
PS_20260929.pdf,2026-09-29,mar 29 - sept 18 hs,28 de sept al 04 oct'26,2026-09-28,Real,A- Dentro de sistemas de transporte,,Demanda Prioritaria (R+SGP),MMm³,40.9,
PS_20260929.pdf,2026-09-29,mar 29 - sept 18 hs,28 de sept al 04 oct'26,2026-09-28,Programado,A- Dentro de sistemas de transporte,,Ajuste de Demanda (conforme a proyecciones del Sist. de Transporte),MMm³,0.4,
PS_20260929.pdf,2026-09-29,mar 29 - sept 18 hs,28 de sept al 04 oct'26,2026-09-28,Real,A- Dentro de sistemas de transporte,,Ajuste de Demanda (conforme a proyecciones del Sist. de Transporte),MMm³,-1.9,
PS_20260929.pdf,2026-09-29,mar 29 - sept 18 hs,28 de sept al 04 oct'26,2026-09-28,Programado,A- Dentro de sistemas de transporte,,Gas Combustible,MMm³,2.8,
PS_20260929.pdf,2026-09-29,mar 29 - sept 18 hs,28 de sept al 04 oct'26,2026-09-28,Real,A- Dentro de sistemas de transporte,,Gas Combustible,MMm³,2.9,
PS_20260929.pdf,2026-09-29,mar 29 - sept 18 hs,28 de sept al 04 oct'26,2026-09-28,Programado,A- Dentro de sistemas de transporte,,GNC,MMm³,5.5,
PS_20260929.pdf,2026-09-29,mar 29 - sept 18 hs,28 de sept al 04 oct'26,2026-09-28,Real,A- Dentro de sistemas de transporte,,GNC,MMm³,5.5,
PS_20260929.pdf,2026-09-29,mar 29 - sept 18 hs,28 de sept al 04 oct'26,2026-09-28,Programado,A- Dentro de sistemas de transporte,,Industria (P3+GU+Grandes C.),MMm³,36.3,
PS_20260929.pdf,2026-09-29,mar 29 - sept 18 hs,28 de sept al 04 oct'26,2026-09-28,Real,A- Dentro de sistemas de transporte,,Industria (P3+GU+Grandes C.),MMm³,34.8,
PS_20260929.pdf,2026-09-29,mar 29 - sept 18 hs,28 de sept al 04 oct'26,2026-09-28,Programado,A- Dentro de sistemas de transporte,,Usinas dentro del Sistema de Transporte,MMm³,28.3,
PS_20260929.pdf,2026-09-29,mar 29 - sept 18 hs,28 de sept al 04 oct'26,2026-09-28,Real,A- Dentro de sistemas de transporte,,Usinas dentro del Sistema de Transporte,MMm³,27.9,
PS_20260929.pdf,2026-09-29,mar 29 - sept 18 hs,28 de sept al 04 oct'26,2026-09-28,Programado,A- Dentro de sistemas de transporte,,Exportaciones en el Sistema de Transporte TGN,MMm³,2.0,
PS_20260929.pdf,2026-09-29,mar 29 - sept 18 hs,28 de sept al 04 oct'26,2026-09-28,Real,A- Dentro de sistemas de transporte,,Exportaciones en el Sistema de Transporte TGN,MMm³,1.9,
PS_20260929.pdf,2026-09-29,mar 29 - sept 18 hs,28 de sept al 04 oct'26,2026-09-28,Programado,A- Dentro de sistemas de transporte,,Exportaciones en el Sistema de Transporte TGS,MMm³,1.3,
PS_20260929.pdf,2026-09-29,mar 29 - sept 18 hs,28 de sept al 04 oct'26,2026-09-28,Real,A- Dentro de sistemas de transporte,,Exportaciones en el Sistema de Transporte TGS,MMm³,1.5,
PS_20260929.pdf,2026-09-29,mar 29 - sept 18 hs,28 de sept al 04 oct'26,2026-09-28,Programado,B- Fuera de sistemas de transporte,,B- FUERA DE SISTEMAS DE TRANSPORTE,MMm³,14.4,
PS_20260929.pdf,2026-09-29,mar 29 - sept 18 hs,28 de sept al 04 oct'26,2026-09-28,Real,B- Fuera de sistemas de transporte,,B- FUERA DE SISTEMAS DE TRANSPORTE,MMm³,13.4,
PS_20260929.pdf,2026-09-29,mar 29 - sept 18 hs,28 de sept al 04 oct'26,2026-09-28,Programado,B- Fuera de sistemas de transporte,,Demanda Tierra del Fuego,MMm³,0.7,
PS_20260929.pdf,2026-09-29,mar 29 - sept 18 hs,28 de sept al 04 oct'26,2026-09-28,Real,B- Fuera de sistemas de transporte,,Demanda Tierra del Fuego,MMm³,0.6,
PS_20260929.pdf,2026-09-29,mar 29 - sept 18 hs,28 de sept al 04 oct'26,2026-09-28,Programado,B- Fuera de sistemas de transporte,,Usinas en Boca Pozo,MMm³,3.3,
PS_20260929.pdf,2026-09-29,mar 29 - sept 18 hs,28 de sept al 04 oct'26,2026-09-28,Real,B- Fuera de sistemas de transporte,,Usinas en Boca Pozo,MMm³,2.1,
PS_20260929.pdf,2026-09-29,mar 29 - sept 18 hs,28 de sept al 04 oct'26,2026-09-28,Programado,B- Fuera de sistemas de transporte,,Gas Pacífico,MMm³,1.0,
PS_20260929.pdf,2026-09-29,mar 29 - sept 18 hs,28 de sept al 04 oct'26,2026-09-28,Real,B- Fuera de sistemas de transporte,,Gas Pacífico,MMm³,1.1,
PS_20260929.pdf,2026-09-29,mar 29 - sept 18 hs,28 de sept al 04 oct'26,2026-09-28,Programado,B- Fuera de sistemas de transporte,,Mega + Metanol,MMm³,8.1,
PS_20260929.pdf,2026-09-29,mar 29 - sept 18 hs,28 de sept al 04 oct'26,2026-09-28,Real,B- Fuera de sistemas de transporte,,Mega + Metanol,MMm³,8.1,
PS_20260929.pdf,2026-09-29,mar 29 - sept 18 hs,28 de sept al 04 oct'26,2026-09-28,Programado,B- Fuera de sistemas de transporte,,Refinor,MMm³,0.4,
PS_20260929.pdf,2026-09-29,mar 29 - sept 18 hs,28 de sept al 04 oct'26,2026-09-28,Real,B- Fuera de sistemas de transporte,,Refinor,MMm³,0.4,
PS_20260929.pdf,2026-09-29,mar 29 - sept 18 hs,28 de sept al 04 oct'26,2026-09-28,Programado,B- Fuera de sistemas de transporte,,Gas Atacama,MMm³,0.0,
PS_20260929.pdf,2026-09-29,mar 29 - sept 18 hs,28 de sept al 04 oct'26,2026-09-28,Real,B- Fuera de sistemas de transporte,,Gas Atacama,MMm³,0.0,
PS_20260929.pdf,2026-09-29,mar 29 - sept 18 hs,28 de sept al 04 oct'26,2026-09-28,Programado,B- Fuera de sistemas de transporte,,Methanex,MMm³,1.0,
PS_20260929.pdf,2026-09-29,mar 29 - sept 18 hs,28 de sept al 04 oct'26,2026-09-28,Real,B- Fuera de sistemas de transporte,,Methanex,MMm³,1.1,
PS_20260929.pdf,2026-09-29,mar 29 - sept 18 hs,28 de sept al 04 oct'26,2026-09-28,Programado,Inyecciones (TGN + TGS + ENARSA),,INYECCIONES (TGN + TGS + ENARSA),MMm³,110.8,
PS_20260929.pdf,2026-09-29,mar 29 - sept 18 hs,28 de sept al 04 oct'26,2026-09-28,Real,Inyecciones (TGN + TGS + ENARSA),,INYECCIONES (TGN + TGS + ENARSA),MMm³,113.8,
PS_20260929.pdf,2026-09-29,mar 29 - sept 18 hs,28 de sept al 04 oct'26,2026-09-28,Programado,Inyecciones (TGN + TGS + ENARSA),,PRODUCTORES - INYECCION NACIONAL,MMm³,110.8,
PS_20260929.pdf,2026-09-29,mar 29 - sept 18 hs,28 de sept al 04 oct'26,2026-09-28,Real,Inyecciones (TGN + TGS + ENARSA),,PRODUCTORES - INYECCION NACIONAL,MMm³,113.8,
PS_20260929.pdf,2026-09-29,mar 29 - sept 18 hs,28 de sept al 04 oct'26,2026-09-28,Programado,Inyecciones (TGN + TGS + ENARSA),,TGS,MMm³,62.9,
PS_20260929.pdf,2026-09-29,mar 29 - sept 18 hs,28 de sept al 04 oct'26,2026-09-28,Real,Inyecciones (TGN + TGS + ENARSA),,TGS,MMm³,64.3,
PS_20260929.pdf,2026-09-29,mar 29 - sept 18 hs,28 de sept al 04 oct'26,2026-09-28,Programado,Inyecciones (TGN + TGS + ENARSA),TGS,Sur,MMm³,21.2,
PS_20260929.pdf,2026-09-29,mar 29 - sept 18 hs,28 de sept al 04 oct'26,2026-09-28,Real,Inyecciones (TGN + TGS + ENARSA),TGS,Sur,MMm³,23.0,
PS_20260929.pdf,2026-09-29,mar 29 - sept 18 hs,28 de sept al 04 oct'26,2026-09-28,Programado,Inyecciones (TGN + TGS + ENARSA),TGS,Neuba I,MMm³,10.7,
PS_20260929.pdf,2026-09-29,mar 29 - sept 18 hs,28 de sept al 04 oct'26,2026-09-28,Real,Inyecciones (TGN + TGS + ENARSA),TGS,Neuba I,MMm³,9.1,
PS_20260929.pdf,2026-09-29,mar 29 - sept 18 hs,28 de sept al 04 oct'26,2026-09-28,Programado,Inyecciones (TGN + TGS + ENARSA),TGS,Neuba II,MMm³,31.0,
PS_20260929.pdf,2026-09-29,mar 29 - sept 18 hs,28 de sept al 04 oct'26,2026-09-28,Real,Inyecciones (TGN + TGS + ENARSA),TGS,Neuba II,MMm³,32.2,
PS_20260929.pdf,2026-09-29,mar 29 - sept 18 hs,28 de sept al 04 oct'26,2026-09-28,Programado,Inyecciones (TGN + TGS + ENARSA),TGS,Patagónico,MMm³,0.0,
PS_20260929.pdf,2026-09-29,mar 29 - sept 18 hs,28 de sept al 04 oct'26,2026-09-28,Real,Inyecciones (TGN + TGS + ENARSA),TGS,Patagónico,MMm³,0.0,
PS_20260929.pdf,2026-09-29,mar 29 - sept 18 hs,28 de sept al 04 oct'26,2026-09-28,Programado,Inyecciones (TGN + TGS + ENARSA),,TGN,MMm³,28.9,
PS_20260929.pdf,2026-09-29,mar 29 - sept 18 hs,28 de sept al 04 oct'26,2026-09-28,Real,Inyecciones (TGN + TGS + ENARSA),,TGN,MMm³,29.2,
PS_20260929.pdf,2026-09-29,mar 29 - sept 18 hs,28 de sept al 04 oct'26,2026-09-28,Programado,Inyecciones (TGN + TGS + ENARSA),TGN,Norte (incluye importación),MMm³,1.9,
PS_20260929.pdf,2026-09-29,mar 29 - sept 18 hs,28 de sept al 04 oct'26,2026-09-28,Real,Inyecciones (TGN + TGS + ENARSA),TGN,Norte (incluye importación),MMm³,1.9,
PS_20260929.pdf,2026-09-29,mar 29 - sept 18 hs,28 de sept al 04 oct'26,2026-09-28,Programado,Inyecciones (TGN + TGS + ENARSA),TGN,Neuquén,MMm³,27.0,
PS_20260929.pdf,2026-09-29,mar 29 - sept 18 hs,28 de sept al 04 oct'26,2026-09-28,Real,Inyecciones (TGN + TGS + ENARSA),TGN,Neuquén,MMm³,27.3,
PS_20260929.pdf,2026-09-29,mar 29 - sept 18 hs,28 de sept al 04 oct'26,2026-09-28,Programado,Inyecciones (TGN + TGS + ENARSA),,ENARSA,MMm³,19.0,
PS_20260929.pdf,2026-09-29,mar 29 - sept 18 hs,28 de sept al 04 oct'26,2026-09-28,Real,Inyecciones (TGN + TGS + ENARSA),,ENARSA,MMm³,20.3,
PS_20260929.pdf,2026-09-29,mar 29 - sept 18 hs,28 de sept al 04 oct'26,2026-09-28,Programado,Inyecciones (TGN + TGS + ENARSA),ENARSA,GPFM,MMm³,19.0,
PS_20260929.pdf,2026-09-29,mar 29 - sept 18 hs,28 de sept al 04 oct'26,2026-09-28,Real,Inyecciones (TGN + TGS + ENARSA),ENARSA,GPFM,MMm³,20.3,
PS_20260929.pdf,2026-09-29,mar 29 - sept 18 hs,28 de sept al 04 oct'26,2026-09-28,Programado,Otras inyecciones,,BOLIVIA,MMm³,0.0,
PS_20260929.pdf,2026-09-29,mar 29 - sept 18 hs,28 de sept al 04 oct'26,2026-09-28,Real,Otras inyecciones,,BOLIVIA,MMm³,0.0,
PS_20260929.pdf,2026-09-29,mar 29 - sept 18 hs,28 de sept al 04 oct'26,2026-09-28,Programado,Otras inyecciones,,Inyección desde Chile,MMm³,0.0,
PS_20260929.pdf,2026-09-29,mar 29 - sept 18 hs,28 de sept al 04 oct'26,2026-09-28,Real,Otras inyecciones,,Inyección desde Chile,MMm³,0.0,
PS_20260929.pdf,2026-09-29,mar 29 - sept 18 hs,28 de sept al 04 oct'26,2026-09-28,Programado,Otras inyecciones,,PEAK SHAVING,MMm³,0.0,
PS_20260929.pdf,2026-09-29,mar 29 - sept 18 hs,28 de sept al 04 oct'26,2026-09-28,Real,Otras inyecciones,,PEAK SHAVING,MMm³,0.0,
PS_20260929.pdf,2026-09-29,mar 29 - sept 18 hs,28 de sept al 04 oct'26,2026-09-28,Programado,Otras inyecciones,,INYECCIÓN BUQUE ESCOBAR,MMm³,0.0,
PS_20260929.pdf,2026-09-29,mar 29 - sept 18 hs,28 de sept al 04 oct'26,2026-09-28,Real,Otras inyecciones,,INYECCIÓN BUQUE ESCOBAR,MMm³,0.0,
PS_20260929.pdf,2026-09-29,mar 29 - sept 18 hs,28 de sept al 04 oct'26,2026-09-28,Programado,Stock (linepack),,STOCK (TGN+TGS),MMm³,370.6,312-368
PS_20260929.pdf,2026-09-29,mar 29 - sept 18 hs,28 de sept al 04 oct'26,2026-09-28,Programado,Stock (linepack),,DELTA,MMm³,-7.8,
PS_20260929.pdf,2026-09-29,mar 29 - sept 18 hs,28 de sept al 04 oct'26,2026-09-28,Real,Stock (linepack),,DELTA,MMm³,0.4,
PS_20260929.pdf,2026-09-29,mar 29 - sept 18 hs,28 de sept al 04 oct'26,2026-09-28,Programado,Stock (linepack),,TGS,MMm³,233.68,215-235
PS_20260929.pdf,2026-09-29,mar 29 - sept 18 hs,28 de sept al 04 oct'26,2026-09-28,Programado,Stock (linepack),,TGN,MMm³,136.95,110-142
PS_20260929.pdf,2026-09-29,mar 29 - sept 18 hs,28 de sept al 04 oct'26,2026-09-29,Proyección,Temperatura,,Temperatura Media Estimada Anillo Bs.As.,°C,17.0,
PS_20260929.pdf,2026-09-29,mar 29 - sept 18 hs,28 de sept al 04 oct'26,2026-09-29,Proyección,Demanda total,,DEMANDA TOTAL,MMm³,128.8,
PS_20260929.pdf,2026-09-29,mar 29 - sept 18 hs,28 de sept al 04 oct'26,2026-09-29,Proyección,A- Dentro de sistemas de transporte,,A- DENTRO DE SISTEMAS DE TRANSPORTE,MMm³,116.9,
PS_20260929.pdf,2026-09-29,mar 29 - sept 18 hs,28 de sept al 04 oct'26,2026-09-29,Proyección,A- Dentro de sistemas de transporte,,Demanda Prioritaria (R+SGP),MMm³,42.4,
PS_20260929.pdf,2026-09-29,mar 29 - sept 18 hs,28 de sept al 04 oct'26,2026-09-29,Proyección,A- Dentro de sistemas de transporte,,Ajuste de Demanda (conforme a proyecciones del Sist. de Transporte),MMm³,-1.4,
PS_20260929.pdf,2026-09-29,mar 29 - sept 18 hs,28 de sept al 04 oct'26,2026-09-29,Proyección,A- Dentro de sistemas de transporte,,Gas Combustible,MMm³,4.5,
PS_20260929.pdf,2026-09-29,mar 29 - sept 18 hs,28 de sept al 04 oct'26,2026-09-29,Proyección,A- Dentro de sistemas de transporte,,GNC,MMm³,5.6,
PS_20260929.pdf,2026-09-29,mar 29 - sept 18 hs,28 de sept al 04 oct'26,2026-09-29,Proyección,A- Dentro de sistemas de transporte,,Industria (P3+GU+Grandes C.),MMm³,35.9,
PS_20260929.pdf,2026-09-29,mar 29 - sept 18 hs,28 de sept al 04 oct'26,2026-09-29,Proyección,A- Dentro de sistemas de transporte,,Usinas dentro del Sistema de Transporte,MMm³,25.5,
PS_20260929.pdf,2026-09-29,mar 29 - sept 18 hs,28 de sept al 04 oct'26,2026-09-29,Proyección,A- Dentro de sistemas de transporte,,Exportaciones en el Sistema de Transporte TGN,MMm³,2.3,
PS_20260929.pdf,2026-09-29,mar 29 - sept 18 hs,28 de sept al 04 oct'26,2026-09-29,Proyección,A- Dentro de sistemas de transporte,,Exportaciones en el Sistema de Transporte TGS,MMm³,2.1,
PS_20260929.pdf,2026-09-29,mar 29 - sept 18 hs,28 de sept al 04 oct'26,2026-09-29,Proyección,B- Fuera de sistemas de transporte,,B- FUERA DE SISTEMAS DE TRANSPORTE,MMm³,11.9,
PS_20260929.pdf,2026-09-29,mar 29 - sept 18 hs,28 de sept al 04 oct'26,2026-09-29,Proyección,B- Fuera de sistemas de transporte,,Demanda Tierra del Fuego,MMm³,0.7,
PS_20260929.pdf,2026-09-29,mar 29 - sept 18 hs,28 de sept al 04 oct'26,2026-09-29,Proyección,B- Fuera de sistemas de transporte,,Usinas en Boca Pozo,MMm³,0.8,
PS_20260929.pdf,2026-09-29,mar 29 - sept 18 hs,28 de sept al 04 oct'26,2026-09-29,Proyección,B- Fuera de sistemas de transporte,,Gas Pacífico,MMm³,1.0,
PS_20260929.pdf,2026-09-29,mar 29 - sept 18 hs,28 de sept al 04 oct'26,2026-09-29,Proyección,B- Fuera de sistemas de transporte,,Mega + Metanol,MMm³,8.1,
PS_20260929.pdf,2026-09-29,mar 29 - sept 18 hs,28 de sept al 04 oct'26,2026-09-29,Proyección,B- Fuera de sistemas de transporte,,Refinor,MMm³,0.4,
PS_20260929.pdf,2026-09-29,mar 29 - sept 18 hs,28 de sept al 04 oct'26,2026-09-29,Proyección,B- Fuera de sistemas de transporte,,Gas Atacama,MMm³,0.0,
PS_20260929.pdf,2026-09-29,mar 29 - sept 18 hs,28 de sept al 04 oct'26,2026-09-29,Proyección,B- Fuera de sistemas de transporte,,Methanex,MMm³,1.0,
PS_20260929.pdf,2026-09-29,mar 29 - sept 18 hs,28 de sept al 04 oct'26,2026-09-29,Proyección,Inyecciones (TGN + TGS + ENARSA),,INYECCIONES (TGN + TGS + ENARSA),MMm³,119.3,
PS_20260929.pdf,2026-09-29,mar 29 - sept 18 hs,28 de sept al 04 oct'26,2026-09-29,Proyección,Inyecciones (TGN + TGS + ENARSA),,PRODUCTORES - INYECCION NACIONAL,MMm³,119.3,
PS_20260929.pdf,2026-09-29,mar 29 - sept 18 hs,28 de sept al 04 oct'26,2026-09-29,Proyección,Inyecciones (TGN + TGS + ENARSA),,TGS,MMm³,68.8,
PS_20260929.pdf,2026-09-29,mar 29 - sept 18 hs,28 de sept al 04 oct'26,2026-09-29,Proyección,Inyecciones (TGN + TGS + ENARSA),TGS,Sur,MMm³,23.6,
PS_20260929.pdf,2026-09-29,mar 29 - sept 18 hs,28 de sept al 04 oct'26,2026-09-29,Proyección,Inyecciones (TGN + TGS + ENARSA),TGS,Neuba I,MMm³,9.2,
PS_20260929.pdf,2026-09-29,mar 29 - sept 18 hs,28 de sept al 04 oct'26,2026-09-29,Proyección,Inyecciones (TGN + TGS + ENARSA),TGS,Neuba II,MMm³,36.0,
PS_20260929.pdf,2026-09-29,mar 29 - sept 18 hs,28 de sept al 04 oct'26,2026-09-29,Proyección,Inyecciones (TGN + TGS + ENARSA),TGS,Patagónico,MMm³,0.0,
PS_20260929.pdf,2026-09-29,mar 29 - sept 18 hs,28 de sept al 04 oct'26,2026-09-29,Proyección,Inyecciones (TGN + TGS + ENARSA),,TGN,MMm³,28.9,
PS_20260929.pdf,2026-09-29,mar 29 - sept 18 hs,28 de sept al 04 oct'26,2026-09-29,Proyección,Inyecciones (TGN + TGS + ENARSA),TGN,Norte (incluye importación),MMm³,1.9,
PS_20260929.pdf,2026-09-29,mar 29 - sept 18 hs,28 de sept al 04 oct'26,2026-09-29,Proyección,Inyecciones (TGN + TGS + ENARSA),TGN,Neuquén,MMm³,27.0,
PS_20260929.pdf,2026-09-29,mar 29 - sept 18 hs,28 de sept al 04 oct'26,2026-09-29,Proyección,Inyecciones (TGN + TGS + ENARSA),,ENARSA,MMm³,21.6,
PS_20260929.pdf,2026-09-29,mar 29 - sept 18 hs,28 de sept al 04 oct'26,2026-09-29,Proyección,Inyecciones (TGN + TGS + ENARSA),ENARSA,GPFM,MMm³,21.6,
PS_20260929.pdf,2026-09-29,mar 29 - sept 18 hs,28 de sept al 04 oct'26,2026-09-29,Proyección,Otras inyecciones,,BOLIVIA,MMm³,0.0,
PS_20260929.pdf,2026-09-29,mar 29 - sept 18 hs,28 de sept al 04 oct'26,2026-09-29,Proyección,Otras inyecciones,,Inyección desde Chile,MMm³,0.0,
PS_20260929.pdf,2026-09-29,mar 29 - sept 18 hs,28 de sept al 04 oct'26,2026-09-29,Proyección,Otras inyecciones,,PEAK SHAVING,MMm³,0.0,
PS_20260929.pdf,2026-09-29,mar 29 - sept 18 hs,28 de sept al 04 oct'26,2026-09-29,Proyección,Otras inyecciones,,INYECCIÓN BUQUE ESCOBAR,MMm³,0.0,
PS_20260929.pdf,2026-09-29,mar 29 - sept 18 hs,28 de sept al 04 oct'26,2026-09-29,Proyección,Stock (linepack),,STOCK (TGN+TGS),MMm³,371.0,312-368
PS_20260929.pdf,2026-09-29,mar 29 - sept 18 hs,28 de sept al 04 oct'26,2026-09-29,Proyección,Stock (linepack),,DELTA,MMm³,2.4,
PS_20260929.pdf,2026-09-29,mar 29 - sept 18 hs,28 de sept al 04 oct'26,2026-09-29,Proyección,Stock (linepack),,TGS,MMm³,234.53,215-235
PS_20260929.pdf,2026-09-29,mar 29 - sept 18 hs,28 de sept al 04 oct'26,2026-09-29,Proyección,Stock (linepack),,TGN,MMm³,136.49,110-142
PS_20260929.pdf,2026-09-29,mar 29 - sept 18 hs,28 de sept al 04 oct'26,2026-09-29,Proyección,Stock (linepack),,TRAMOS INICIALES,MMm³,267.29,218-254
PS_20260929.pdf,2026-09-29,mar 29 - sept 18 hs,28 de sept al 04 oct'26,2026-09-29,Proyección,Stock (linepack),,TRAMOS FINALES,MMm³,103.73,85-101
PS_20260929.pdf,2026-09-29,mar 29 - sept 18 hs,28 de sept al 04 oct'26,2026-09-29,Proyección,Stock (linepack),TRAMOS FINALES,TGS,MMm³,86.34,
PS_20260929.pdf,2026-09-29,mar 29 - sept 18 hs,28 de sept al 04 oct'26,2026-09-29,Proyección,Stock (linepack),TRAMOS FINALES,TGN,MMm³,17.39,
PS_20260929.pdf,2026-09-29,mar 29 - sept 18 hs,28 de sept al 04 oct'26,2026-09-29,Proyección,Saldos,,BUQUE REGASIFICADOR (ESC),MMm³,58.59,
PS_20260929.pdf,2026-09-29,mar 29 - sept 18 hs,28 de sept al 04 oct'26,2026-09-29,Proyección,Saldos,,RESERVA GASBAN,MMm³,8.05,
PS_20260929.pdf,2026-09-29,mar 29 - sept 18 hs,28 de sept al 04 oct'26,2026-09-30,Proyección,Temperatura,,Temperatura Media Estimada Anillo Bs.As.,°C,14.5,
PS_20260929.pdf,2026-09-29,mar 29 - sept 18 hs,28 de sept al 04 oct'26,2026-09-30,Proyección,Demanda total,,DEMANDA TOTAL,MMm³,132.6,
PS_20260929.pdf,2026-09-29,mar 29 - sept 18 hs,28 de sept al 04 oct'26,2026-09-30,Proyección,A- Dentro de sistemas de transporte,,A- DENTRO DE SISTEMAS DE TRANSPORTE,MMm³,119.5,
PS_20260929.pdf,2026-09-29,mar 29 - sept 18 hs,28 de sept al 04 oct'26,2026-09-30,Proyección,A- Dentro de sistemas de transporte,,Demanda Prioritaria (R+SGP),MMm³,45.7,
PS_20260929.pdf,2026-09-29,mar 29 - sept 18 hs,28 de sept al 04 oct'26,2026-09-30,Proyección,A- Dentro de sistemas de transporte,,Ajuste de Demanda (conforme a proyecciones del Sist. de Transporte),MMm³,0.9,
PS_20260929.pdf,2026-09-29,mar 29 - sept 18 hs,28 de sept al 04 oct'26,2026-09-30,Proyección,A- Dentro de sistemas de transporte,,Gas Combustible,MMm³,3.6,
PS_20260929.pdf,2026-09-29,mar 29 - sept 18 hs,28 de sept al 04 oct'26,2026-09-30,Proyección,A- Dentro de sistemas de transporte,,GNC,MMm³,5.7,
PS_20260929.pdf,2026-09-29,mar 29 - sept 18 hs,28 de sept al 04 oct'26,2026-09-30,Proyección,A- Dentro de sistemas de transporte,,Industria (P3+GU+Grandes C.),MMm³,36.2,
PS_20260929.pdf,2026-09-29,mar 29 - sept 18 hs,28 de sept al 04 oct'26,2026-09-30,Proyección,A- Dentro de sistemas de transporte,,Usinas dentro del Sistema de Transporte,MMm³,22.2,
PS_20260929.pdf,2026-09-29,mar 29 - sept 18 hs,28 de sept al 04 oct'26,2026-09-30,Proyección,A- Dentro de sistemas de transporte,,Exportaciones en el Sistema de Transporte TGN,MMm³,3.2,
PS_20260929.pdf,2026-09-29,mar 29 - sept 18 hs,28 de sept al 04 oct'26,2026-09-30,Proyección,A- Dentro de sistemas de transporte,,Exportaciones en el Sistema de Transporte TGS,MMm³,2.1,
PS_20260929.pdf,2026-09-29,mar 29 - sept 18 hs,28 de sept al 04 oct'26,2026-09-30,Proyección,B- Fuera de sistemas de transporte,,B- FUERA DE SISTEMAS DE TRANSPORTE,MMm³,13.1,
PS_20260929.pdf,2026-09-29,mar 29 - sept 18 hs,28 de sept al 04 oct'26,2026-09-30,Proyección,B- Fuera de sistemas de transporte,,Demanda Tierra del Fuego,MMm³,0.7,
PS_20260929.pdf,2026-09-29,mar 29 - sept 18 hs,28 de sept al 04 oct'26,2026-09-30,Proyección,B- Fuera de sistemas de transporte,,Usinas en Boca Pozo,MMm³,2.0,
PS_20260929.pdf,2026-09-29,mar 29 - sept 18 hs,28 de sept al 04 oct'26,2026-09-30,Proyección,B- Fuera de sistemas de transporte,,Gas Pacífico,MMm³,1.0,
PS_20260929.pdf,2026-09-29,mar 29 - sept 18 hs,28 de sept al 04 oct'26,2026-09-30,Proyección,B- Fuera de sistemas de transporte,,Mega + Metanol,MMm³,8.1,
PS_20260929.pdf,2026-09-29,mar 29 - sept 18 hs,28 de sept al 04 oct'26,2026-09-30,Proyección,B- Fuera de sistemas de transporte,,Refinor,MMm³,0.4,
PS_20260929.pdf,2026-09-29,mar 29 - sept 18 hs,28 de sept al 04 oct'26,2026-09-30,Proyección,B- Fuera de sistemas de transporte,,Gas Atacama,MMm³,0.0,
PS_20260929.pdf,2026-09-29,mar 29 - sept 18 hs,28 de sept al 04 oct'26,2026-09-30,Proyección,B- Fuera de sistemas de transporte,,Methanex,MMm³,1.0,
PS_20260929.pdf,2026-09-29,mar 29 - sept 18 hs,28 de sept al 04 oct'26,2026-09-30,Proyección,Inyecciones (TGN + TGS + ENARSA),,INYECCIONES (TGN + TGS + ENARSA),MMm³,117.8,
PS_20260929.pdf,2026-09-29,mar 29 - sept 18 hs,28 de sept al 04 oct'26,2026-09-30,Proyección,Inyecciones (TGN + TGS + ENARSA),,PRODUCTORES - INYECCION NACIONAL,MMm³,117.8,
PS_20260929.pdf,2026-09-29,mar 29 - sept 18 hs,28 de sept al 04 oct'26,2026-09-30,Proyección,Inyecciones (TGN + TGS + ENARSA),,TGS,MMm³,67.4,
PS_20260929.pdf,2026-09-29,mar 29 - sept 18 hs,28 de sept al 04 oct'26,2026-09-30,Proyección,Inyecciones (TGN + TGS + ENARSA),TGS,Sur,MMm³,21.4,
PS_20260929.pdf,2026-09-29,mar 29 - sept 18 hs,28 de sept al 04 oct'26,2026-09-30,Proyección,Inyecciones (TGN + TGS + ENARSA),TGS,Neuba I,MMm³,10.0,
PS_20260929.pdf,2026-09-29,mar 29 - sept 18 hs,28 de sept al 04 oct'26,2026-09-30,Proyección,Inyecciones (TGN + TGS + ENARSA),TGS,Neuba II,MMm³,36.0,
PS_20260929.pdf,2026-09-29,mar 29 - sept 18 hs,28 de sept al 04 oct'26,2026-09-30,Proyección,Inyecciones (TGN + TGS + ENARSA),TGS,Patagónico,MMm³,0.0,
PS_20260929.pdf,2026-09-29,mar 29 - sept 18 hs,28 de sept al 04 oct'26,2026-09-30,Proyección,Inyecciones (TGN + TGS + ENARSA),,TGN,MMm³,29.4,
PS_20260929.pdf,2026-09-29,mar 29 - sept 18 hs,28 de sept al 04 oct'26,2026-09-30,Proyección,Inyecciones (TGN + TGS + ENARSA),TGN,Norte (incluye importación),MMm³,1.9,
PS_20260929.pdf,2026-09-29,mar 29 - sept 18 hs,28 de sept al 04 oct'26,2026-09-30,Proyección,Inyecciones (TGN + TGS + ENARSA),TGN,Neuquén,MMm³,27.5,
PS_20260929.pdf,2026-09-29,mar 29 - sept 18 hs,28 de sept al 04 oct'26,2026-09-30,Proyección,Inyecciones (TGN + TGS + ENARSA),,ENARSA,MMm³,21.0,
PS_20260929.pdf,2026-09-29,mar 29 - sept 18 hs,28 de sept al 04 oct'26,2026-09-30,Proyección,Inyecciones (TGN + TGS + ENARSA),ENARSA,GPFM,MMm³,21.0,
PS_20260929.pdf,2026-09-29,mar 29 - sept 18 hs,28 de sept al 04 oct'26,2026-09-30,Proyección,Otras inyecciones,,BOLIVIA,MMm³,0.0,
PS_20260929.pdf,2026-09-29,mar 29 - sept 18 hs,28 de sept al 04 oct'26,2026-09-30,Proyección,Otras inyecciones,,Inyección desde Chile,MMm³,0.0,
PS_20260929.pdf,2026-09-29,mar 29 - sept 18 hs,28 de sept al 04 oct'26,2026-09-30,Proyección,Otras inyecciones,,PEAK SHAVING,MMm³,0.0,
PS_20260929.pdf,2026-09-29,mar 29 - sept 18 hs,28 de sept al 04 oct'26,2026-09-30,Proyección,Otras inyecciones,,INYECCIÓN BUQUE ESCOBAR,MMm³,0.0,
PS_20260929.pdf,2026-09-29,mar 29 - sept 18 hs,28 de sept al 04 oct'26,2026-09-30,Proyección,Stock (linepack),,STOCK (TGN+TGS),MMm³,373.5,312-368
PS_20260929.pdf,2026-09-29,mar 29 - sept 18 hs,28 de sept al 04 oct'26,2026-09-30,Proyección,Stock (linepack),,DELTA,MMm³,-1.7,
PS_20260929.pdf,2026-09-29,mar 29 - sept 18 hs,28 de sept al 04 oct'26,2026-09-30,Proyección,Stock (linepack),,TGS,MMm³,236.15,215-235
PS_20260929.pdf,2026-09-29,mar 29 - sept 18 hs,28 de sept al 04 oct'26,2026-09-30,Proyección,Stock (linepack),,TGN,MMm³,137.32,110-142
PS_20260929.pdf,2026-09-29,mar 29 - sept 18 hs,28 de sept al 04 oct'26,2026-09-30,Proyección,Stock (linepack),,TRAMOS INICIALES,MMm³,271.31,218-254
PS_20260929.pdf,2026-09-29,mar 29 - sept 18 hs,28 de sept al 04 oct'26,2026-09-30,Proyección,Stock (linepack),,TRAMOS FINALES,MMm³,102.16,85-101
PS_20260929.pdf,2026-09-29,mar 29 - sept 18 hs,28 de sept al 04 oct'26,2026-09-30,Proyección,Stock (linepack),TRAMOS FINALES,TGS,MMm³,84.9,
PS_20260929.pdf,2026-09-29,mar 29 - sept 18 hs,28 de sept al 04 oct'26,2026-09-30,Proyección,Stock (linepack),TRAMOS FINALES,TGN,MMm³,17.26,
PS_20260929.pdf,2026-09-29,mar 29 - sept 18 hs,28 de sept al 04 oct'26,2026-09-30,Proyección,Saldos,,BUQUE REGASIFICADOR (ESC),MMm³,58.46,
PS_20260929.pdf,2026-09-29,mar 29 - sept 18 hs,28 de sept al 04 oct'26,2026-09-30,Proyección,Saldos,,RESERVA GASBAN,MMm³,8.05,
PS_20260929.pdf,2026-09-29,mar 29 - sept 18 hs,28 de sept al 04 oct'26,2026-10-01,Proyección,Temperatura,,Temperatura Media Estimada Anillo Bs.As.,°C,14.5,
PS_20260929.pdf,2026-09-29,mar 29 - sept 18 hs,28 de sept al 04 oct'26,2026-10-01,Proyección,Demanda total,,DEMANDA TOTAL,MMm³,131.2,
PS_20260929.pdf,2026-09-29,mar 29 - sept 18 hs,28 de sept al 04 oct'26,2026-10-01,Proyección,A- Dentro de sistemas de transporte,,A- DENTRO DE SISTEMAS DE TRANSPORTE,MMm³,116.1,
PS_20260929.pdf,2026-09-29,mar 29 - sept 18 hs,28 de sept al 04 oct'26,2026-10-01,Proyección,A- Dentro de sistemas de transporte,,Demanda Prioritaria (R+SGP),MMm³,45.4,
PS_20260929.pdf,2026-09-29,mar 29 - sept 18 hs,28 de sept al 04 oct'26,2026-10-01,Proyección,A- Dentro de sistemas de transporte,,Ajuste de Demanda (conforme a proyecciones del Sist. de Transporte),MMm³,0.5,
PS_20260929.pdf,2026-09-29,mar 29 - sept 18 hs,28 de sept al 04 oct'26,2026-10-01,Proyección,A- Dentro de sistemas de transporte,,Gas Combustible,MMm³,3.6,
PS_20260929.pdf,2026-09-29,mar 29 - sept 18 hs,28 de sept al 04 oct'26,2026-10-01,Proyección,A- Dentro de sistemas de transporte,,GNC,MMm³,5.7,
PS_20260929.pdf,2026-09-29,mar 29 - sept 18 hs,28 de sept al 04 oct'26,2026-10-01,Proyección,A- Dentro de sistemas de transporte,,Industria (P3+GU+Grandes C.),MMm³,35.8,
PS_20260929.pdf,2026-09-29,mar 29 - sept 18 hs,28 de sept al 04 oct'26,2026-10-01,Proyección,A- Dentro de sistemas de transporte,,Usinas dentro del Sistema de Transporte,MMm³,21.1,
PS_20260929.pdf,2026-09-29,mar 29 - sept 18 hs,28 de sept al 04 oct'26,2026-10-01,Proyección,A- Dentro de sistemas de transporte,,Exportaciones en el Sistema de Transporte TGN,MMm³,2.0,
PS_20260929.pdf,2026-09-29,mar 29 - sept 18 hs,28 de sept al 04 oct'26,2026-10-01,Proyección,A- Dentro de sistemas de transporte,,Exportaciones en el Sistema de Transporte TGS,MMm³,2.1,
PS_20260929.pdf,2026-09-29,mar 29 - sept 18 hs,28 de sept al 04 oct'26,2026-10-01,Proyección,B- Fuera de sistemas de transporte,,B- FUERA DE SISTEMAS DE TRANSPORTE,MMm³,15.2,
PS_20260929.pdf,2026-09-29,mar 29 - sept 18 hs,28 de sept al 04 oct'26,2026-10-01,Proyección,B- Fuera de sistemas de transporte,,Demanda Tierra del Fuego,MMm³,0.7,
PS_20260929.pdf,2026-09-29,mar 29 - sept 18 hs,28 de sept al 04 oct'26,2026-10-01,Proyección,B- Fuera de sistemas de transporte,,Usinas en Boca Pozo,MMm³,4.0,
PS_20260929.pdf,2026-09-29,mar 29 - sept 18 hs,28 de sept al 04 oct'26,2026-10-01,Proyección,B- Fuera de sistemas de transporte,,Gas Pacífico,MMm³,1.0,
PS_20260929.pdf,2026-09-29,mar 29 - sept 18 hs,28 de sept al 04 oct'26,2026-10-01,Proyección,B- Fuera de sistemas de transporte,,Mega + Metanol,MMm³,8.1,
PS_20260929.pdf,2026-09-29,mar 29 - sept 18 hs,28 de sept al 04 oct'26,2026-10-01,Proyección,B- Fuera de sistemas de transporte,,Refinor,MMm³,0.4,
PS_20260929.pdf,2026-09-29,mar 29 - sept 18 hs,28 de sept al 04 oct'26,2026-10-01,Proyección,B- Fuera de sistemas de transporte,,Gas Atacama,MMm³,0.0,
PS_20260929.pdf,2026-09-29,mar 29 - sept 18 hs,28 de sept al 04 oct'26,2026-10-01,Proyección,B- Fuera de sistemas de transporte,,Methanex,MMm³,1.0,
PS_20260929.pdf,2026-09-29,mar 29 - sept 18 hs,28 de sept al 04 oct'26,2026-10-01,Proyección,Inyecciones (TGN + TGS + ENARSA),,INYECCIONES (TGN + TGS + ENARSA),MMm³,115.8,
PS_20260929.pdf,2026-09-29,mar 29 - sept 18 hs,28 de sept al 04 oct'26,2026-10-01,Proyección,Inyecciones (TGN + TGS + ENARSA),,PRODUCTORES - INYECCION NACIONAL,MMm³,115.8,
PS_20260929.pdf,2026-09-29,mar 29 - sept 18 hs,28 de sept al 04 oct'26,2026-10-01,Proyección,Inyecciones (TGN + TGS + ENARSA),,TGS,MMm³,67.4,
PS_20260929.pdf,2026-09-29,mar 29 - sept 18 hs,28 de sept al 04 oct'26,2026-10-01,Proyección,Inyecciones (TGN + TGS + ENARSA),TGS,Sur,MMm³,21.4,
PS_20260929.pdf,2026-09-29,mar 29 - sept 18 hs,28 de sept al 04 oct'26,2026-10-01,Proyección,Inyecciones (TGN + TGS + ENARSA),TGS,Neuba I,MMm³,10.0,
PS_20260929.pdf,2026-09-29,mar 29 - sept 18 hs,28 de sept al 04 oct'26,2026-10-01,Proyección,Inyecciones (TGN + TGS + ENARSA),TGS,Neuba II,MMm³,36.0,
PS_20260929.pdf,2026-09-29,mar 29 - sept 18 hs,28 de sept al 04 oct'26,2026-10-01,Proyección,Inyecciones (TGN + TGS + ENARSA),TGS,Patagónico,MMm³,0.0,
PS_20260929.pdf,2026-09-29,mar 29 - sept 18 hs,28 de sept al 04 oct'26,2026-10-01,Proyección,Inyecciones (TGN + TGS + ENARSA),,TGN,MMm³,29.4,
PS_20260929.pdf,2026-09-29,mar 29 - sept 18 hs,28 de sept al 04 oct'26,2026-10-01,Proyección,Inyecciones (TGN + TGS + ENARSA),TGN,Norte (incluye importación),MMm³,1.9,
PS_20260929.pdf,2026-09-29,mar 29 - sept 18 hs,28 de sept al 04 oct'26,2026-10-01,Proyección,Inyecciones (TGN + TGS + ENARSA),TGN,Neuquén,MMm³,27.5,
PS_20260929.pdf,2026-09-29,mar 29 - sept 18 hs,28 de sept al 04 oct'26,2026-10-01,Proyección,Inyecciones (TGN + TGS + ENARSA),,ENARSA,MMm³,19.0,
PS_20260929.pdf,2026-09-29,mar 29 - sept 18 hs,28 de sept al 04 oct'26,2026-10-01,Proyección,Inyecciones (TGN + TGS + ENARSA),ENARSA,GPFM,MMm³,19.0,
PS_20260929.pdf,2026-09-29,mar 29 - sept 18 hs,28 de sept al 04 oct'26,2026-10-01,Proyección,Otras inyecciones,,BOLIVIA,MMm³,0.0,
PS_20260929.pdf,2026-09-29,mar 29 - sept 18 hs,28 de sept al 04 oct'26,2026-10-01,Proyección,Otras inyecciones,,Inyección desde Chile,MMm³,0.0,
PS_20260929.pdf,2026-09-29,mar 29 - sept 18 hs,28 de sept al 04 oct'26,2026-10-01,Proyección,Otras inyecciones,,PEAK SHAVING,MMm³,0.0,
PS_20260929.pdf,2026-09-29,mar 29 - sept 18 hs,28 de sept al 04 oct'26,2026-10-01,Proyección,Otras inyecciones,,INYECCIÓN BUQUE ESCOBAR,MMm³,0.0,
PS_20260929.pdf,2026-09-29,mar 29 - sept 18 hs,28 de sept al 04 oct'26,2026-10-01,Proyección,Stock (linepack),,STOCK (TGN+TGS),MMm³,371.8,312-368
PS_20260929.pdf,2026-09-29,mar 29 - sept 18 hs,28 de sept al 04 oct'26,2026-10-01,Proyección,Stock (linepack),,DELTA,MMm³,-0.3,
PS_20260929.pdf,2026-09-29,mar 29 - sept 18 hs,28 de sept al 04 oct'26,2026-10-01,Proyección,Stock (linepack),,TGS,MMm³,235.15,215-235
PS_20260929.pdf,2026-09-29,mar 29 - sept 18 hs,28 de sept al 04 oct'26,2026-10-01,Proyección,Stock (linepack),,TGN,MMm³,136.66,110-142
PS_20260929.pdf,2026-09-29,mar 29 - sept 18 hs,28 de sept al 04 oct'26,2026-10-01,Proyección,Stock (linepack),,TRAMOS INICIALES,MMm³,268.56,218-254
PS_20260929.pdf,2026-09-29,mar 29 - sept 18 hs,28 de sept al 04 oct'26,2026-10-01,Proyección,Stock (linepack),,TRAMOS FINALES,MMm³,103.25,85-101
PS_20260929.pdf,2026-09-29,mar 29 - sept 18 hs,28 de sept al 04 oct'26,2026-10-01,Proyección,Stock (linepack),TRAMOS FINALES,TGS,MMm³,86.23,
PS_20260929.pdf,2026-09-29,mar 29 - sept 18 hs,28 de sept al 04 oct'26,2026-10-01,Proyección,Stock (linepack),TRAMOS FINALES,TGN,MMm³,17.02,
PS_20260929.pdf,2026-09-29,mar 29 - sept 18 hs,28 de sept al 04 oct'26,2026-10-01,Proyección,Saldos,,BUQUE REGASIFICADOR (ESC),MMm³,58.33,
PS_20260929.pdf,2026-09-29,mar 29 - sept 18 hs,28 de sept al 04 oct'26,2026-10-01,Proyección,Saldos,,RESERVA GASBAN,MMm³,8.05,
PS_20260929.pdf,2026-09-29,mar 29 - sept 18 hs,28 de sept al 04 oct'26,2026-10-02,Proyección,Temperatura,,Temperatura Media Estimada Anillo Bs.As.,°C,16.0,
PS_20260929.pdf,2026-09-29,mar 29 - sept 18 hs,28 de sept al 04 oct'26,2026-10-02,Proyección,Demanda total,,DEMANDA TOTAL,MMm³,126.5,
PS_20260929.pdf,2026-09-29,mar 29 - sept 18 hs,28 de sept al 04 oct'26,2026-10-02,Proyección,A- Dentro de sistemas de transporte,,A- DENTRO DE SISTEMAS DE TRANSPORTE,MMm³,111.7,
PS_20260929.pdf,2026-09-29,mar 29 - sept 18 hs,28 de sept al 04 oct'26,2026-10-02,Proyección,A- Dentro de sistemas de transporte,,Demanda Prioritaria (R+SGP),MMm³,43.6,
PS_20260929.pdf,2026-09-29,mar 29 - sept 18 hs,28 de sept al 04 oct'26,2026-10-02,Proyección,A- Dentro de sistemas de transporte,,Ajuste de Demanda (conforme a proyecciones del Sist. de Transporte),MMm³,0.6,
PS_20260929.pdf,2026-09-29,mar 29 - sept 18 hs,28 de sept al 04 oct'26,2026-10-02,Proyección,A- Dentro de sistemas de transporte,,Gas Combustible,MMm³,3.6,
PS_20260929.pdf,2026-09-29,mar 29 - sept 18 hs,28 de sept al 04 oct'26,2026-10-02,Proyección,A- Dentro de sistemas de transporte,,GNC,MMm³,6.0,
PS_20260929.pdf,2026-09-29,mar 29 - sept 18 hs,28 de sept al 04 oct'26,2026-10-02,Proyección,A- Dentro de sistemas de transporte,,Industria (P3+GU+Grandes C.),MMm³,35.7,
PS_20260929.pdf,2026-09-29,mar 29 - sept 18 hs,28 de sept al 04 oct'26,2026-10-02,Proyección,A- Dentro de sistemas de transporte,,Usinas dentro del Sistema de Transporte,MMm³,18.2,
PS_20260929.pdf,2026-09-29,mar 29 - sept 18 hs,28 de sept al 04 oct'26,2026-10-02,Proyección,A- Dentro de sistemas de transporte,,Exportaciones en el Sistema de Transporte TGN,MMm³,2.0,
PS_20260929.pdf,2026-09-29,mar 29 - sept 18 hs,28 de sept al 04 oct'26,2026-10-02,Proyección,A- Dentro de sistemas de transporte,,Exportaciones en el Sistema de Transporte TGS,MMm³,2.1,
PS_20260929.pdf,2026-09-29,mar 29 - sept 18 hs,28 de sept al 04 oct'26,2026-10-02,Proyección,B- Fuera de sistemas de transporte,,B- FUERA DE SISTEMAS DE TRANSPORTE,MMm³,14.8,
PS_20260929.pdf,2026-09-29,mar 29 - sept 18 hs,28 de sept al 04 oct'26,2026-10-02,Proyección,B- Fuera de sistemas de transporte,,Demanda Tierra del Fuego,MMm³,0.7,
PS_20260929.pdf,2026-09-29,mar 29 - sept 18 hs,28 de sept al 04 oct'26,2026-10-02,Proyección,B- Fuera de sistemas de transporte,,Usinas en Boca Pozo,MMm³,3.6,
PS_20260929.pdf,2026-09-29,mar 29 - sept 18 hs,28 de sept al 04 oct'26,2026-10-02,Proyección,B- Fuera de sistemas de transporte,,Gas Pacífico,MMm³,1.0,
PS_20260929.pdf,2026-09-29,mar 29 - sept 18 hs,28 de sept al 04 oct'26,2026-10-02,Proyección,B- Fuera de sistemas de transporte,,Mega + Metanol,MMm³,8.1,
PS_20260929.pdf,2026-09-29,mar 29 - sept 18 hs,28 de sept al 04 oct'26,2026-10-02,Proyección,B- Fuera de sistemas de transporte,,Refinor,MMm³,0.4,
PS_20260929.pdf,2026-09-29,mar 29 - sept 18 hs,28 de sept al 04 oct'26,2026-10-02,Proyección,B- Fuera de sistemas de transporte,,Gas Atacama,MMm³,0.0,
PS_20260929.pdf,2026-09-29,mar 29 - sept 18 hs,28 de sept al 04 oct'26,2026-10-02,Proyección,B- Fuera de sistemas de transporte,,Methanex,MMm³,1.0,
PS_20260929.pdf,2026-09-29,mar 29 - sept 18 hs,28 de sept al 04 oct'26,2026-10-02,Proyección,Inyecciones (TGN + TGS + ENARSA),,INYECCIONES (TGN + TGS + ENARSA),MMm³,113.8,
PS_20260929.pdf,2026-09-29,mar 29 - sept 18 hs,28 de sept al 04 oct'26,2026-10-02,Proyección,Inyecciones (TGN + TGS + ENARSA),,PRODUCTORES - INYECCION NACIONAL,MMm³,113.8,
PS_20260929.pdf,2026-09-29,mar 29 - sept 18 hs,28 de sept al 04 oct'26,2026-10-02,Proyección,Inyecciones (TGN + TGS + ENARSA),,TGS,MMm³,66.4,
PS_20260929.pdf,2026-09-29,mar 29 - sept 18 hs,28 de sept al 04 oct'26,2026-10-02,Proyección,Inyecciones (TGN + TGS + ENARSA),TGS,Sur,MMm³,21.4,
PS_20260929.pdf,2026-09-29,mar 29 - sept 18 hs,28 de sept al 04 oct'26,2026-10-02,Proyección,Inyecciones (TGN + TGS + ENARSA),TGS,Neuba I,MMm³,10.0,
PS_20260929.pdf,2026-09-29,mar 29 - sept 18 hs,28 de sept al 04 oct'26,2026-10-02,Proyección,Inyecciones (TGN + TGS + ENARSA),TGS,Neuba II,MMm³,35.0,
PS_20260929.pdf,2026-09-29,mar 29 - sept 18 hs,28 de sept al 04 oct'26,2026-10-02,Proyección,Inyecciones (TGN + TGS + ENARSA),TGS,Patagónico,MMm³,0.0,
PS_20260929.pdf,2026-09-29,mar 29 - sept 18 hs,28 de sept al 04 oct'26,2026-10-02,Proyección,Inyecciones (TGN + TGS + ENARSA),,TGN,MMm³,29.4,
PS_20260929.pdf,2026-09-29,mar 29 - sept 18 hs,28 de sept al 04 oct'26,2026-10-02,Proyección,Inyecciones (TGN + TGS + ENARSA),TGN,Norte (incluye importación),MMm³,1.9,
PS_20260929.pdf,2026-09-29,mar 29 - sept 18 hs,28 de sept al 04 oct'26,2026-10-02,Proyección,Inyecciones (TGN + TGS + ENARSA),TGN,Neuquén,MMm³,27.5,
PS_20260929.pdf,2026-09-29,mar 29 - sept 18 hs,28 de sept al 04 oct'26,2026-10-02,Proyección,Inyecciones (TGN + TGS + ENARSA),,ENARSA,MMm³,18.0,
PS_20260929.pdf,2026-09-29,mar 29 - sept 18 hs,28 de sept al 04 oct'26,2026-10-02,Proyección,Inyecciones (TGN + TGS + ENARSA),ENARSA,GPFM,MMm³,18.0,
PS_20260929.pdf,2026-09-29,mar 29 - sept 18 hs,28 de sept al 04 oct'26,2026-10-02,Proyección,Otras inyecciones,,BOLIVIA,MMm³,0.0,
PS_20260929.pdf,2026-09-29,mar 29 - sept 18 hs,28 de sept al 04 oct'26,2026-10-02,Proyección,Otras inyecciones,,Inyección desde Chile,MMm³,0.0,
PS_20260929.pdf,2026-09-29,mar 29 - sept 18 hs,28 de sept al 04 oct'26,2026-10-02,Proyección,Otras inyecciones,,PEAK SHAVING,MMm³,0.0,
PS_20260929.pdf,2026-09-29,mar 29 - sept 18 hs,28 de sept al 04 oct'26,2026-10-02,Proyección,Otras inyecciones,,INYECCIÓN BUQUE ESCOBAR,MMm³,0.0,
PS_20260929.pdf,2026-09-29,mar 29 - sept 18 hs,28 de sept al 04 oct'26,2026-10-02,Proyección,Stock (linepack),,STOCK (TGN+TGS),MMm³,371.5,312-368
PS_20260929.pdf,2026-09-29,mar 29 - sept 18 hs,28 de sept al 04 oct'26,2026-10-02,Proyección,Stock (linepack),,DELTA,MMm³,2.1,
PS_20260929.pdf,2026-09-29,mar 29 - sept 18 hs,28 de sept al 04 oct'26,2026-10-02,Proyección,Stock (linepack),,TGS,MMm³,234.99,215-235
PS_20260929.pdf,2026-09-29,mar 29 - sept 18 hs,28 de sept al 04 oct'26,2026-10-02,Proyección,Stock (linepack),,TGN,MMm³,136.55,110-142
PS_20260929.pdf,2026-09-29,mar 29 - sept 18 hs,28 de sept al 04 oct'26,2026-10-02,Proyección,Stock (linepack),,TRAMOS INICIALES,MMm³,270.91,218-254
PS_20260929.pdf,2026-09-29,mar 29 - sept 18 hs,28 de sept al 04 oct'26,2026-10-02,Proyección,Stock (linepack),,TRAMOS FINALES,MMm³,100.62,85-101
PS_20260929.pdf,2026-09-29,mar 29 - sept 18 hs,28 de sept al 04 oct'26,2026-10-02,Proyección,Stock (linepack),TRAMOS FINALES,TGS,MMm³,84.08,
PS_20260929.pdf,2026-09-29,mar 29 - sept 18 hs,28 de sept al 04 oct'26,2026-10-02,Proyección,Stock (linepack),TRAMOS FINALES,TGN,MMm³,16.54,
PS_20260929.pdf,2026-09-29,mar 29 - sept 18 hs,28 de sept al 04 oct'26,2026-10-02,Proyección,Saldos,,BUQUE REGASIFICADOR (ESC),MMm³,58.2,
PS_20260929.pdf,2026-09-29,mar 29 - sept 18 hs,28 de sept al 04 oct'26,2026-10-02,Proyección,Saldos,,RESERVA GASBAN,MMm³,8.05,
PS_20260929.pdf,2026-09-29,mar 29 - sept 18 hs,28 de sept al 04 oct'26,2026-10-03,Proyección,Temperatura,,Temperatura Media Estimada Anillo Bs.As.,°C,15.0,
PS_20260929.pdf,2026-09-29,mar 29 - sept 18 hs,28 de sept al 04 oct'26,2026-10-03,Proyección,Demanda total,,DEMANDA TOTAL,MMm³,121.9,
PS_20260929.pdf,2026-09-29,mar 29 - sept 18 hs,28 de sept al 04 oct'26,2026-10-03,Proyección,A- Dentro de sistemas de transporte,,A- DENTRO DE SISTEMAS DE TRANSPORTE,MMm³,107.1,
PS_20260929.pdf,2026-09-29,mar 29 - sept 18 hs,28 de sept al 04 oct'26,2026-10-03,Proyección,A- Dentro de sistemas de transporte,,Demanda Prioritaria (R+SGP),MMm³,40.2,
PS_20260929.pdf,2026-09-29,mar 29 - sept 18 hs,28 de sept al 04 oct'26,2026-10-03,Proyección,A- Dentro de sistemas de transporte,,Ajuste de Demanda (conforme a proyecciones del Sist. de Transporte),MMm³,0.7,
PS_20260929.pdf,2026-09-29,mar 29 - sept 18 hs,28 de sept al 04 oct'26,2026-10-03,Proyección,A- Dentro de sistemas de transporte,,Gas Combustible,MMm³,3.6,
PS_20260929.pdf,2026-09-29,mar 29 - sept 18 hs,28 de sept al 04 oct'26,2026-10-03,Proyección,A- Dentro de sistemas de transporte,,GNC,MMm³,5.8,
PS_20260929.pdf,2026-09-29,mar 29 - sept 18 hs,28 de sept al 04 oct'26,2026-10-03,Proyección,A- Dentro de sistemas de transporte,,Industria (P3+GU+Grandes C.),MMm³,34.6,
PS_20260929.pdf,2026-09-29,mar 29 - sept 18 hs,28 de sept al 04 oct'26,2026-10-03,Proyección,A- Dentro de sistemas de transporte,,Usinas dentro del Sistema de Transporte,MMm³,18.2,
PS_20260929.pdf,2026-09-29,mar 29 - sept 18 hs,28 de sept al 04 oct'26,2026-10-03,Proyección,A- Dentro de sistemas de transporte,,Exportaciones en el Sistema de Transporte TGN,MMm³,2.0,
PS_20260929.pdf,2026-09-29,mar 29 - sept 18 hs,28 de sept al 04 oct'26,2026-10-03,Proyección,A- Dentro de sistemas de transporte,,Exportaciones en el Sistema de Transporte TGS,MMm³,2.1,
PS_20260929.pdf,2026-09-29,mar 29 - sept 18 hs,28 de sept al 04 oct'26,2026-10-03,Proyección,B- Fuera de sistemas de transporte,,B- FUERA DE SISTEMAS DE TRANSPORTE,MMm³,14.8,
PS_20260929.pdf,2026-09-29,mar 29 - sept 18 hs,28 de sept al 04 oct'26,2026-10-03,Proyección,B- Fuera de sistemas de transporte,,Demanda Tierra del Fuego,MMm³,0.7,
PS_20260929.pdf,2026-09-29,mar 29 - sept 18 hs,28 de sept al 04 oct'26,2026-10-03,Proyección,B- Fuera de sistemas de transporte,,Usinas en Boca Pozo,MMm³,3.7,
PS_20260929.pdf,2026-09-29,mar 29 - sept 18 hs,28 de sept al 04 oct'26,2026-10-03,Proyección,B- Fuera de sistemas de transporte,,Gas Pacífico,MMm³,1.0,
PS_20260929.pdf,2026-09-29,mar 29 - sept 18 hs,28 de sept al 04 oct'26,2026-10-03,Proyección,B- Fuera de sistemas de transporte,,Mega + Metanol,MMm³,8.1,
PS_20260929.pdf,2026-09-29,mar 29 - sept 18 hs,28 de sept al 04 oct'26,2026-10-03,Proyección,B- Fuera de sistemas de transporte,,Refinor,MMm³,0.4,
PS_20260929.pdf,2026-09-29,mar 29 - sept 18 hs,28 de sept al 04 oct'26,2026-10-03,Proyección,B- Fuera de sistemas de transporte,,Gas Atacama,MMm³,0.0,
PS_20260929.pdf,2026-09-29,mar 29 - sept 18 hs,28 de sept al 04 oct'26,2026-10-03,Proyección,B- Fuera de sistemas de transporte,,Methanex,MMm³,1.0,
PS_20260929.pdf,2026-09-29,mar 29 - sept 18 hs,28 de sept al 04 oct'26,2026-10-03,Proyección,Inyecciones (TGN + TGS + ENARSA),,INYECCIONES (TGN + TGS + ENARSA),MMm³,111.4,
PS_20260929.pdf,2026-09-29,mar 29 - sept 18 hs,28 de sept al 04 oct'26,2026-10-03,Proyección,Inyecciones (TGN + TGS + ENARSA),,PRODUCTORES - INYECCION NACIONAL,MMm³,111.4,
PS_20260929.pdf,2026-09-29,mar 29 - sept 18 hs,28 de sept al 04 oct'26,2026-10-03,Proyección,Inyecciones (TGN + TGS + ENARSA),,TGS,MMm³,65.4,
PS_20260929.pdf,2026-09-29,mar 29 - sept 18 hs,28 de sept al 04 oct'26,2026-10-03,Proyección,Inyecciones (TGN + TGS + ENARSA),TGS,Sur,MMm³,20.4,
PS_20260929.pdf,2026-09-29,mar 29 - sept 18 hs,28 de sept al 04 oct'26,2026-10-03,Proyección,Inyecciones (TGN + TGS + ENARSA),TGS,Neuba I,MMm³,10.0,
PS_20260929.pdf,2026-09-29,mar 29 - sept 18 hs,28 de sept al 04 oct'26,2026-10-03,Proyección,Inyecciones (TGN + TGS + ENARSA),TGS,Neuba II,MMm³,35.0,
PS_20260929.pdf,2026-09-29,mar 29 - sept 18 hs,28 de sept al 04 oct'26,2026-10-03,Proyección,Inyecciones (TGN + TGS + ENARSA),TGS,Patagónico,MMm³,0.0,
PS_20260929.pdf,2026-09-29,mar 29 - sept 18 hs,28 de sept al 04 oct'26,2026-10-03,Proyección,Inyecciones (TGN + TGS + ENARSA),,TGN,MMm³,29.4,
PS_20260929.pdf,2026-09-29,mar 29 - sept 18 hs,28 de sept al 04 oct'26,2026-10-03,Proyección,Inyecciones (TGN + TGS + ENARSA),TGN,Norte (incluye importación),MMm³,1.9,
PS_20260929.pdf,2026-09-29,mar 29 - sept 18 hs,28 de sept al 04 oct'26,2026-10-03,Proyección,Inyecciones (TGN + TGS + ENARSA),TGN,Neuquén,MMm³,27.5,
PS_20260929.pdf,2026-09-29,mar 29 - sept 18 hs,28 de sept al 04 oct'26,2026-10-03,Proyección,Inyecciones (TGN + TGS + ENARSA),,ENARSA,MMm³,16.6,
PS_20260929.pdf,2026-09-29,mar 29 - sept 18 hs,28 de sept al 04 oct'26,2026-10-03,Proyección,Inyecciones (TGN + TGS + ENARSA),ENARSA,GPFM,MMm³,16.6,
PS_20260929.pdf,2026-09-29,mar 29 - sept 18 hs,28 de sept al 04 oct'26,2026-10-03,Proyección,Otras inyecciones,,BOLIVIA,MMm³,0.0,
PS_20260929.pdf,2026-09-29,mar 29 - sept 18 hs,28 de sept al 04 oct'26,2026-10-03,Proyección,Otras inyecciones,,Inyección desde Chile,MMm³,0.0,
PS_20260929.pdf,2026-09-29,mar 29 - sept 18 hs,28 de sept al 04 oct'26,2026-10-03,Proyección,Otras inyecciones,,PEAK SHAVING,MMm³,0.0,
PS_20260929.pdf,2026-09-29,mar 29 - sept 18 hs,28 de sept al 04 oct'26,2026-10-03,Proyección,Otras inyecciones,,INYECCIÓN BUQUE ESCOBAR,MMm³,0.0,
PS_20260929.pdf,2026-09-29,mar 29 - sept 18 hs,28 de sept al 04 oct'26,2026-10-03,Proyección,Stock (linepack),,STOCK (TGN+TGS),MMm³,373.6,312-368
PS_20260929.pdf,2026-09-29,mar 29 - sept 18 hs,28 de sept al 04 oct'26,2026-10-03,Proyección,Stock (linepack),,DELTA,MMm³,4.3,
PS_20260929.pdf,2026-09-29,mar 29 - sept 18 hs,28 de sept al 04 oct'26,2026-10-03,Proyección,Stock (linepack),,TGS,MMm³,236.23,215-235
PS_20260929.pdf,2026-09-29,mar 29 - sept 18 hs,28 de sept al 04 oct'26,2026-10-03,Proyección,Stock (linepack),,TGN,MMm³,137.37,110-142
PS_20260929.pdf,2026-09-29,mar 29 - sept 18 hs,28 de sept al 04 oct'26,2026-10-03,Proyección,Stock (linepack),,TRAMOS INICIALES,MMm³,272.04,218-254
PS_20260929.pdf,2026-09-29,mar 29 - sept 18 hs,28 de sept al 04 oct'26,2026-10-03,Proyección,Stock (linepack),,TRAMOS FINALES,MMm³,101.56,85-101
PS_20260929.pdf,2026-09-29,mar 29 - sept 18 hs,28 de sept al 04 oct'26,2026-10-03,Proyección,Stock (linepack),TRAMOS FINALES,TGS,MMm³,85.36,
PS_20260929.pdf,2026-09-29,mar 29 - sept 18 hs,28 de sept al 04 oct'26,2026-10-03,Proyección,Stock (linepack),TRAMOS FINALES,TGN,MMm³,16.2,
PS_20260929.pdf,2026-09-29,mar 29 - sept 18 hs,28 de sept al 04 oct'26,2026-10-03,Proyección,Saldos,,BUQUE REGASIFICADOR (ESC),MMm³,58.07,
PS_20260929.pdf,2026-09-29,mar 29 - sept 18 hs,28 de sept al 04 oct'26,2026-10-03,Proyección,Saldos,,RESERVA GASBAN,MMm³,8.05,
PS_20260930.pdf,2026-09-30,mié 30 - sept 18 hs,28 de sept al 04 oct'26,2026-09-29,Programado,Temperatura,,Temperatura Media Estimada Anillo Bs.As.,°C,17.0,
PS_20260930.pdf,2026-09-30,mié 30 - sept 18 hs,28 de sept al 04 oct'26,2026-09-29,Real,Temperatura,,Temperatura Media Estimada Anillo Bs.As.,°C,18.2,
PS_20260930.pdf,2026-09-30,mié 30 - sept 18 hs,28 de sept al 04 oct'26,2026-09-29,Programado,Demanda total,,DEMANDA TOTAL,MMm³,128.8,
PS_20260930.pdf,2026-09-30,mié 30 - sept 18 hs,28 de sept al 04 oct'26,2026-09-29,Real,Demanda total,,DEMANDA TOTAL,MMm³,128.5,
PS_20260930.pdf,2026-09-30,mié 30 - sept 18 hs,28 de sept al 04 oct'26,2026-09-29,Programado,A- Dentro de sistemas de transporte,,A- DENTRO DE SISTEMAS DE TRANSPORTE,MMm³,116.9,
PS_20260930.pdf,2026-09-30,mié 30 - sept 18 hs,28 de sept al 04 oct'26,2026-09-29,Real,A- Dentro de sistemas de transporte,,A- DENTRO DE SISTEMAS DE TRANSPORTE,MMm³,115.6,
PS_20260930.pdf,2026-09-30,mié 30 - sept 18 hs,28 de sept al 04 oct'26,2026-09-29,Programado,A- Dentro de sistemas de transporte,,Demanda Prioritaria (R+SGP),MMm³,42.4,
PS_20260930.pdf,2026-09-30,mié 30 - sept 18 hs,28 de sept al 04 oct'26,2026-09-29,Real,A- Dentro de sistemas de transporte,,Demanda Prioritaria (R+SGP),MMm³,43.0,
PS_20260930.pdf,2026-09-30,mié 30 - sept 18 hs,28 de sept al 04 oct'26,2026-09-29,Programado,A- Dentro de sistemas de transporte,,Ajuste de Demanda (conforme a proyecciones del Sist. de Transporte),MMm³,-1.4,
PS_20260930.pdf,2026-09-30,mié 30 - sept 18 hs,28 de sept al 04 oct'26,2026-09-29,Real,A- Dentro de sistemas de transporte,,Ajuste de Demanda (conforme a proyecciones del Sist. de Transporte),MMm³,0.1,
PS_20260930.pdf,2026-09-30,mié 30 - sept 18 hs,28 de sept al 04 oct'26,2026-09-29,Programado,A- Dentro de sistemas de transporte,,Gas Combustible,MMm³,4.5,
PS_20260930.pdf,2026-09-30,mié 30 - sept 18 hs,28 de sept al 04 oct'26,2026-09-29,Real,A- Dentro de sistemas de transporte,,Gas Combustible,MMm³,3.2,
PS_20260930.pdf,2026-09-30,mié 30 - sept 18 hs,28 de sept al 04 oct'26,2026-09-29,Programado,A- Dentro de sistemas de transporte,,GNC,MMm³,5.6,
PS_20260930.pdf,2026-09-30,mié 30 - sept 18 hs,28 de sept al 04 oct'26,2026-09-29,Real,A- Dentro de sistemas de transporte,,GNC,MMm³,5.6,
PS_20260930.pdf,2026-09-30,mié 30 - sept 18 hs,28 de sept al 04 oct'26,2026-09-29,Programado,A- Dentro de sistemas de transporte,,Industria (P3+GU+Grandes C.),MMm³,35.9,
PS_20260930.pdf,2026-09-30,mié 30 - sept 18 hs,28 de sept al 04 oct'26,2026-09-29,Real,A- Dentro de sistemas de transporte,,Industria (P3+GU+Grandes C.),MMm³,36.1,
PS_20260930.pdf,2026-09-30,mié 30 - sept 18 hs,28 de sept al 04 oct'26,2026-09-29,Programado,A- Dentro de sistemas de transporte,,Usinas dentro del Sistema de Transporte,MMm³,25.5,
PS_20260930.pdf,2026-09-30,mié 30 - sept 18 hs,28 de sept al 04 oct'26,2026-09-29,Real,A- Dentro de sistemas de transporte,,Usinas dentro del Sistema de Transporte,MMm³,23.9,
PS_20260930.pdf,2026-09-30,mié 30 - sept 18 hs,28 de sept al 04 oct'26,2026-09-29,Programado,A- Dentro de sistemas de transporte,,Exportaciones en el Sistema de Transporte TGN,MMm³,2.3,
PS_20260930.pdf,2026-09-30,mié 30 - sept 18 hs,28 de sept al 04 oct'26,2026-09-29,Real,A- Dentro de sistemas de transporte,,Exportaciones en el Sistema de Transporte TGN,MMm³,1.8,
PS_20260930.pdf,2026-09-30,mié 30 - sept 18 hs,28 de sept al 04 oct'26,2026-09-29,Programado,A- Dentro de sistemas de transporte,,Exportaciones en el Sistema de Transporte TGS,MMm³,2.1,
PS_20260930.pdf,2026-09-30,mié 30 - sept 18 hs,28 de sept al 04 oct'26,2026-09-29,Real,A- Dentro de sistemas de transporte,,Exportaciones en el Sistema de Transporte TGS,MMm³,2.0,
PS_20260930.pdf,2026-09-30,mié 30 - sept 18 hs,28 de sept al 04 oct'26,2026-09-29,Programado,B- Fuera de sistemas de transporte,,B- FUERA DE SISTEMAS DE TRANSPORTE,MMm³,11.9,
PS_20260930.pdf,2026-09-30,mié 30 - sept 18 hs,28 de sept al 04 oct'26,2026-09-29,Real,B- Fuera de sistemas de transporte,,B- FUERA DE SISTEMAS DE TRANSPORTE,MMm³,13.0,
PS_20260930.pdf,2026-09-30,mié 30 - sept 18 hs,28 de sept al 04 oct'26,2026-09-29,Programado,B- Fuera de sistemas de transporte,,Demanda Tierra del Fuego,MMm³,0.7,
PS_20260930.pdf,2026-09-30,mié 30 - sept 18 hs,28 de sept al 04 oct'26,2026-09-29,Real,B- Fuera de sistemas de transporte,,Demanda Tierra del Fuego,MMm³,0.6,
PS_20260930.pdf,2026-09-30,mié 30 - sept 18 hs,28 de sept al 04 oct'26,2026-09-29,Programado,B- Fuera de sistemas de transporte,,Usinas en Boca Pozo,MMm³,0.8,
PS_20260930.pdf,2026-09-30,mié 30 - sept 18 hs,28 de sept al 04 oct'26,2026-09-29,Real,B- Fuera de sistemas de transporte,,Usinas en Boca Pozo,MMm³,1.8,
PS_20260930.pdf,2026-09-30,mié 30 - sept 18 hs,28 de sept al 04 oct'26,2026-09-29,Programado,B- Fuera de sistemas de transporte,,Gas Pacífico,MMm³,1.0,
PS_20260930.pdf,2026-09-30,mié 30 - sept 18 hs,28 de sept al 04 oct'26,2026-09-29,Real,B- Fuera de sistemas de transporte,,Gas Pacífico,MMm³,1.0,
PS_20260930.pdf,2026-09-30,mié 30 - sept 18 hs,28 de sept al 04 oct'26,2026-09-29,Programado,B- Fuera de sistemas de transporte,,Mega + Metanol,MMm³,8.1,
PS_20260930.pdf,2026-09-30,mié 30 - sept 18 hs,28 de sept al 04 oct'26,2026-09-29,Real,B- Fuera de sistemas de transporte,,Mega + Metanol,MMm³,8.2,
PS_20260930.pdf,2026-09-30,mié 30 - sept 18 hs,28 de sept al 04 oct'26,2026-09-29,Programado,B- Fuera de sistemas de transporte,,Refinor,MMm³,0.4,
PS_20260930.pdf,2026-09-30,mié 30 - sept 18 hs,28 de sept al 04 oct'26,2026-09-29,Real,B- Fuera de sistemas de transporte,,Refinor,MMm³,0.4,
PS_20260930.pdf,2026-09-30,mié 30 - sept 18 hs,28 de sept al 04 oct'26,2026-09-29,Programado,B- Fuera de sistemas de transporte,,Gas Atacama,MMm³,0.0,
PS_20260930.pdf,2026-09-30,mié 30 - sept 18 hs,28 de sept al 04 oct'26,2026-09-29,Real,B- Fuera de sistemas de transporte,,Gas Atacama,MMm³,0.0,
PS_20260930.pdf,2026-09-30,mié 30 - sept 18 hs,28 de sept al 04 oct'26,2026-09-29,Programado,B- Fuera de sistemas de transporte,,Methanex,MMm³,1.0,
PS_20260930.pdf,2026-09-30,mié 30 - sept 18 hs,28 de sept al 04 oct'26,2026-09-29,Real,B- Fuera de sistemas de transporte,,Methanex,MMm³,1.1,
PS_20260930.pdf,2026-09-30,mié 30 - sept 18 hs,28 de sept al 04 oct'26,2026-09-29,Programado,Inyecciones (TGN + TGS + ENARSA),,INYECCIONES (TGN + TGS + ENARSA),MMm³,119.3,
PS_20260930.pdf,2026-09-30,mié 30 - sept 18 hs,28 de sept al 04 oct'26,2026-09-29,Real,Inyecciones (TGN + TGS + ENARSA),,INYECCIONES (TGN + TGS + ENARSA),MMm³,119.7,
PS_20260930.pdf,2026-09-30,mié 30 - sept 18 hs,28 de sept al 04 oct'26,2026-09-29,Programado,Inyecciones (TGN + TGS + ENARSA),,PRODUCTORES - INYECCION NACIONAL,MMm³,119.3,
PS_20260930.pdf,2026-09-30,mié 30 - sept 18 hs,28 de sept al 04 oct'26,2026-09-29,Real,Inyecciones (TGN + TGS + ENARSA),,PRODUCTORES - INYECCION NACIONAL,MMm³,119.7,
PS_20260930.pdf,2026-09-30,mié 30 - sept 18 hs,28 de sept al 04 oct'26,2026-09-29,Programado,Inyecciones (TGN + TGS + ENARSA),,TGS,MMm³,68.8,
PS_20260930.pdf,2026-09-30,mié 30 - sept 18 hs,28 de sept al 04 oct'26,2026-09-29,Real,Inyecciones (TGN + TGS + ENARSA),,TGS,MMm³,69.4,
PS_20260930.pdf,2026-09-30,mié 30 - sept 18 hs,28 de sept al 04 oct'26,2026-09-29,Programado,Inyecciones (TGN + TGS + ENARSA),TGS,Sur,MMm³,23.6,
PS_20260930.pdf,2026-09-30,mié 30 - sept 18 hs,28 de sept al 04 oct'26,2026-09-29,Real,Inyecciones (TGN + TGS + ENARSA),TGS,Sur,MMm³,23.6,
PS_20260930.pdf,2026-09-30,mié 30 - sept 18 hs,28 de sept al 04 oct'26,2026-09-29,Programado,Inyecciones (TGN + TGS + ENARSA),TGS,Neuba I,MMm³,9.2,
PS_20260930.pdf,2026-09-30,mié 30 - sept 18 hs,28 de sept al 04 oct'26,2026-09-29,Real,Inyecciones (TGN + TGS + ENARSA),TGS,Neuba I,MMm³,9.1,
PS_20260930.pdf,2026-09-30,mié 30 - sept 18 hs,28 de sept al 04 oct'26,2026-09-29,Programado,Inyecciones (TGN + TGS + ENARSA),TGS,Neuba II,MMm³,36.0,
PS_20260930.pdf,2026-09-30,mié 30 - sept 18 hs,28 de sept al 04 oct'26,2026-09-29,Real,Inyecciones (TGN + TGS + ENARSA),TGS,Neuba II,MMm³,36.7,
PS_20260930.pdf,2026-09-30,mié 30 - sept 18 hs,28 de sept al 04 oct'26,2026-09-29,Programado,Inyecciones (TGN + TGS + ENARSA),TGS,Patagónico,MMm³,0.0,
PS_20260930.pdf,2026-09-30,mié 30 - sept 18 hs,28 de sept al 04 oct'26,2026-09-29,Real,Inyecciones (TGN + TGS + ENARSA),TGS,Patagónico,MMm³,0.0,
PS_20260930.pdf,2026-09-30,mié 30 - sept 18 hs,28 de sept al 04 oct'26,2026-09-29,Programado,Inyecciones (TGN + TGS + ENARSA),,TGN,MMm³,28.9,
PS_20260930.pdf,2026-09-30,mié 30 - sept 18 hs,28 de sept al 04 oct'26,2026-09-29,Real,Inyecciones (TGN + TGS + ENARSA),,TGN,MMm³,29.7,
PS_20260930.pdf,2026-09-30,mié 30 - sept 18 hs,28 de sept al 04 oct'26,2026-09-29,Programado,Inyecciones (TGN + TGS + ENARSA),TGN,Norte (incluye importación),MMm³,1.9,
PS_20260930.pdf,2026-09-30,mié 30 - sept 18 hs,28 de sept al 04 oct'26,2026-09-29,Real,Inyecciones (TGN + TGS + ENARSA),TGN,Norte (incluye importación),MMm³,1.9,
PS_20260930.pdf,2026-09-30,mié 30 - sept 18 hs,28 de sept al 04 oct'26,2026-09-29,Programado,Inyecciones (TGN + TGS + ENARSA),TGN,Neuquén,MMm³,27.0,
PS_20260930.pdf,2026-09-30,mié 30 - sept 18 hs,28 de sept al 04 oct'26,2026-09-29,Real,Inyecciones (TGN + TGS + ENARSA),TGN,Neuquén,MMm³,27.8,
PS_20260930.pdf,2026-09-30,mié 30 - sept 18 hs,28 de sept al 04 oct'26,2026-09-29,Programado,Inyecciones (TGN + TGS + ENARSA),,ENARSA,MMm³,21.6,
PS_20260930.pdf,2026-09-30,mié 30 - sept 18 hs,28 de sept al 04 oct'26,2026-09-29,Real,Inyecciones (TGN + TGS + ENARSA),,ENARSA,MMm³,20.5,
PS_20260930.pdf,2026-09-30,mié 30 - sept 18 hs,28 de sept al 04 oct'26,2026-09-29,Programado,Inyecciones (TGN + TGS + ENARSA),ENARSA,GPFM,MMm³,21.6,
PS_20260930.pdf,2026-09-30,mié 30 - sept 18 hs,28 de sept al 04 oct'26,2026-09-29,Real,Inyecciones (TGN + TGS + ENARSA),ENARSA,GPFM,MMm³,20.5,
PS_20260930.pdf,2026-09-30,mié 30 - sept 18 hs,28 de sept al 04 oct'26,2026-09-29,Programado,Otras inyecciones,,BOLIVIA,MMm³,0.0,
PS_20260930.pdf,2026-09-30,mié 30 - sept 18 hs,28 de sept al 04 oct'26,2026-09-29,Real,Otras inyecciones,,BOLIVIA,MMm³,0.0,
PS_20260930.pdf,2026-09-30,mié 30 - sept 18 hs,28 de sept al 04 oct'26,2026-09-29,Programado,Otras inyecciones,,Inyección desde Chile,MMm³,0.0,
PS_20260930.pdf,2026-09-30,mié 30 - sept 18 hs,28 de sept al 04 oct'26,2026-09-29,Real,Otras inyecciones,,Inyección desde Chile,MMm³,0.0,
PS_20260930.pdf,2026-09-30,mié 30 - sept 18 hs,28 de sept al 04 oct'26,2026-09-29,Programado,Otras inyecciones,,PEAK SHAVING,MMm³,0.0,
PS_20260930.pdf,2026-09-30,mié 30 - sept 18 hs,28 de sept al 04 oct'26,2026-09-29,Real,Otras inyecciones,,PEAK SHAVING,MMm³,0.0,
PS_20260930.pdf,2026-09-30,mié 30 - sept 18 hs,28 de sept al 04 oct'26,2026-09-29,Programado,Otras inyecciones,,INYECCIÓN BUQUE ESCOBAR,MMm³,0.0,
PS_20260930.pdf,2026-09-30,mié 30 - sept 18 hs,28 de sept al 04 oct'26,2026-09-29,Real,Otras inyecciones,,INYECCIÓN BUQUE ESCOBAR,MMm³,0.0,
PS_20260930.pdf,2026-09-30,mié 30 - sept 18 hs,28 de sept al 04 oct'26,2026-09-29,Programado,Stock (linepack),,STOCK (TGN+TGS),MMm³,371.0,312-368
PS_20260930.pdf,2026-09-30,mié 30 - sept 18 hs,28 de sept al 04 oct'26,2026-09-29,Programado,Stock (linepack),,DELTA,MMm³,2.4,
PS_20260930.pdf,2026-09-30,mié 30 - sept 18 hs,28 de sept al 04 oct'26,2026-09-29,Real,Stock (linepack),,DELTA,MMm³,4.1,
PS_20260930.pdf,2026-09-30,mié 30 - sept 18 hs,28 de sept al 04 oct'26,2026-09-29,Programado,Stock (linepack),,TGS,MMm³,234.53,215-235
PS_20260930.pdf,2026-09-30,mié 30 - sept 18 hs,28 de sept al 04 oct'26,2026-09-29,Programado,Stock (linepack),,TGN,MMm³,136.49,110-142
PS_20260930.pdf,2026-09-30,mié 30 - sept 18 hs,28 de sept al 04 oct'26,2026-09-30,Proyección,Temperatura,,Temperatura Media Estimada Anillo Bs.As.,°C,13.5,
PS_20260930.pdf,2026-09-30,mié 30 - sept 18 hs,28 de sept al 04 oct'26,2026-09-30,Proyección,Demanda total,,DEMANDA TOTAL,MMm³,135.9,
PS_20260930.pdf,2026-09-30,mié 30 - sept 18 hs,28 de sept al 04 oct'26,2026-09-30,Proyección,A- Dentro de sistemas de transporte,,A- DENTRO DE SISTEMAS DE TRANSPORTE,MMm³,121.9,
PS_20260930.pdf,2026-09-30,mié 30 - sept 18 hs,28 de sept al 04 oct'26,2026-09-30,Proyección,A- Dentro de sistemas de transporte,,Demanda Prioritaria (R+SGP),MMm³,48.0,
PS_20260930.pdf,2026-09-30,mié 30 - sept 18 hs,28 de sept al 04 oct'26,2026-09-30,Proyección,A- Dentro de sistemas de transporte,,Ajuste de Demanda (conforme a proyecciones del Sist. de Transporte),MMm³,-1.0,
PS_20260930.pdf,2026-09-30,mié 30 - sept 18 hs,28 de sept al 04 oct'26,2026-09-30,Proyección,A- Dentro de sistemas de transporte,,Gas Combustible,MMm³,3.6,
PS_20260930.pdf,2026-09-30,mié 30 - sept 18 hs,28 de sept al 04 oct'26,2026-09-30,Proyección,A- Dentro de sistemas de transporte,,GNC,MMm³,5.5,
PS_20260930.pdf,2026-09-30,mié 30 - sept 18 hs,28 de sept al 04 oct'26,2026-09-30,Proyección,A- Dentro de sistemas de transporte,,Industria (P3+GU+Grandes C.),MMm³,36.7,
PS_20260930.pdf,2026-09-30,mié 30 - sept 18 hs,28 de sept al 04 oct'26,2026-09-30,Proyección,A- Dentro de sistemas de transporte,,Usinas dentro del Sistema de Transporte,MMm³,23.9,
PS_20260930.pdf,2026-09-30,mié 30 - sept 18 hs,28 de sept al 04 oct'26,2026-09-30,Proyección,A- Dentro de sistemas de transporte,,Exportaciones en el Sistema de Transporte TGN,MMm³,3.2,
PS_20260930.pdf,2026-09-30,mié 30 - sept 18 hs,28 de sept al 04 oct'26,2026-09-30,Proyección,A- Dentro de sistemas de transporte,,Exportaciones en el Sistema de Transporte TGS,MMm³,2.1,
PS_20260930.pdf,2026-09-30,mié 30 - sept 18 hs,28 de sept al 04 oct'26,2026-09-30,Proyección,B- Fuera de sistemas de transporte,,B- FUERA DE SISTEMAS DE TRANSPORTE,MMm³,14.0,
PS_20260930.pdf,2026-09-30,mié 30 - sept 18 hs,28 de sept al 04 oct'26,2026-09-30,Proyección,B- Fuera de sistemas de transporte,,Demanda Tierra del Fuego,MMm³,0.7,
PS_20260930.pdf,2026-09-30,mié 30 - sept 18 hs,28 de sept al 04 oct'26,2026-09-30,Proyección,B- Fuera de sistemas de transporte,,Usinas en Boca Pozo,MMm³,2.7,
PS_20260930.pdf,2026-09-30,mié 30 - sept 18 hs,28 de sept al 04 oct'26,2026-09-30,Proyección,B- Fuera de sistemas de transporte,,Gas Pacífico,MMm³,1.0,
PS_20260930.pdf,2026-09-30,mié 30 - sept 18 hs,28 de sept al 04 oct'26,2026-09-30,Proyección,B- Fuera de sistemas de transporte,,Mega + Metanol,MMm³,8.2,
PS_20260930.pdf,2026-09-30,mié 30 - sept 18 hs,28 de sept al 04 oct'26,2026-09-30,Proyección,B- Fuera de sistemas de transporte,,Refinor,MMm³,0.4,
PS_20260930.pdf,2026-09-30,mié 30 - sept 18 hs,28 de sept al 04 oct'26,2026-09-30,Proyección,B- Fuera de sistemas de transporte,,Gas Atacama,MMm³,0.0,
PS_20260930.pdf,2026-09-30,mié 30 - sept 18 hs,28 de sept al 04 oct'26,2026-09-30,Proyección,B- Fuera de sistemas de transporte,,Methanex,MMm³,1.1,
PS_20260930.pdf,2026-09-30,mié 30 - sept 18 hs,28 de sept al 04 oct'26,2026-09-30,Proyección,Inyecciones (TGN + TGS + ENARSA),,INYECCIONES (TGN + TGS + ENARSA),MMm³,115.9,
PS_20260930.pdf,2026-09-30,mié 30 - sept 18 hs,28 de sept al 04 oct'26,2026-09-30,Proyección,Inyecciones (TGN + TGS + ENARSA),,PRODUCTORES - INYECCION NACIONAL,MMm³,115.9,
PS_20260930.pdf,2026-09-30,mié 30 - sept 18 hs,28 de sept al 04 oct'26,2026-09-30,Proyección,Inyecciones (TGN + TGS + ENARSA),,TGS,MMm³,66.0,
PS_20260930.pdf,2026-09-30,mié 30 - sept 18 hs,28 de sept al 04 oct'26,2026-09-30,Proyección,Inyecciones (TGN + TGS + ENARSA),TGS,Sur,MMm³,24.0,
PS_20260930.pdf,2026-09-30,mié 30 - sept 18 hs,28 de sept al 04 oct'26,2026-09-30,Proyección,Inyecciones (TGN + TGS + ENARSA),TGS,Neuba I,MMm³,9.0,
PS_20260930.pdf,2026-09-30,mié 30 - sept 18 hs,28 de sept al 04 oct'26,2026-09-30,Proyección,Inyecciones (TGN + TGS + ENARSA),TGS,Neuba II,MMm³,33.0,
PS_20260930.pdf,2026-09-30,mié 30 - sept 18 hs,28 de sept al 04 oct'26,2026-09-30,Proyección,Inyecciones (TGN + TGS + ENARSA),TGS,Patagónico,MMm³,0.0,
PS_20260930.pdf,2026-09-30,mié 30 - sept 18 hs,28 de sept al 04 oct'26,2026-09-30,Proyección,Inyecciones (TGN + TGS + ENARSA),,TGN,MMm³,29.4,
PS_20260930.pdf,2026-09-30,mié 30 - sept 18 hs,28 de sept al 04 oct'26,2026-09-30,Proyección,Inyecciones (TGN + TGS + ENARSA),TGN,Norte (incluye importación),MMm³,1.9,
PS_20260930.pdf,2026-09-30,mié 30 - sept 18 hs,28 de sept al 04 oct'26,2026-09-30,Proyección,Inyecciones (TGN + TGS + ENARSA),TGN,Neuquén,MMm³,27.5,
PS_20260930.pdf,2026-09-30,mié 30 - sept 18 hs,28 de sept al 04 oct'26,2026-09-30,Proyección,Inyecciones (TGN + TGS + ENARSA),,ENARSA,MMm³,20.5,
PS_20260930.pdf,2026-09-30,mié 30 - sept 18 hs,28 de sept al 04 oct'26,2026-09-30,Proyección,Inyecciones (TGN + TGS + ENARSA),ENARSA,GPFM,MMm³,20.5,
PS_20260930.pdf,2026-09-30,mié 30 - sept 18 hs,28 de sept al 04 oct'26,2026-09-30,Proyección,Otras inyecciones,,BOLIVIA,MMm³,0.0,
PS_20260930.pdf,2026-09-30,mié 30 - sept 18 hs,28 de sept al 04 oct'26,2026-09-30,Proyección,Otras inyecciones,,Inyección desde Chile,MMm³,0.0,
PS_20260930.pdf,2026-09-30,mié 30 - sept 18 hs,28 de sept al 04 oct'26,2026-09-30,Proyección,Otras inyecciones,,PEAK SHAVING,MMm³,0.0,
PS_20260930.pdf,2026-09-30,mié 30 - sept 18 hs,28 de sept al 04 oct'26,2026-09-30,Proyección,Otras inyecciones,,INYECCIÓN BUQUE ESCOBAR,MMm³,0.0,
PS_20260930.pdf,2026-09-30,mié 30 - sept 18 hs,28 de sept al 04 oct'26,2026-09-30,Proyección,Stock (linepack),,STOCK (TGN+TGS),MMm³,375.1,312-368
PS_20260930.pdf,2026-09-30,mié 30 - sept 18 hs,28 de sept al 04 oct'26,2026-09-30,Proyección,Stock (linepack),,DELTA,MMm³,-6.0,
PS_20260930.pdf,2026-09-30,mié 30 - sept 18 hs,28 de sept al 04 oct'26,2026-09-30,Proyección,Stock (linepack),,TGS,MMm³,237.85,215-235
PS_20260930.pdf,2026-09-30,mié 30 - sept 18 hs,28 de sept al 04 oct'26,2026-09-30,Proyección,Stock (linepack),,TGN,MMm³,137.25,110-142
PS_20260930.pdf,2026-09-30,mié 30 - sept 18 hs,28 de sept al 04 oct'26,2026-09-30,Proyección,Stock (linepack),,TRAMOS INICIALES,MMm³,269.5,218-254
PS_20260930.pdf,2026-09-30,mié 30 - sept 18 hs,28 de sept al 04 oct'26,2026-09-30,Proyección,Stock (linepack),,TRAMOS FINALES,MMm³,105.6,85-101
PS_20260930.pdf,2026-09-30,mié 30 - sept 18 hs,28 de sept al 04 oct'26,2026-09-30,Proyección,Stock (linepack),TRAMOS FINALES,TGS,MMm³,88.23,
PS_20260930.pdf,2026-09-30,mié 30 - sept 18 hs,28 de sept al 04 oct'26,2026-09-30,Proyección,Stock (linepack),TRAMOS FINALES,TGN,MMm³,17.37,
PS_20260930.pdf,2026-09-30,mié 30 - sept 18 hs,28 de sept al 04 oct'26,2026-09-30,Proyección,Saldos,,BUQUE REGASIFICADOR (ESC),MMm³,58.51,
PS_20260930.pdf,2026-09-30,mié 30 - sept 18 hs,28 de sept al 04 oct'26,2026-09-30,Proyección,Saldos,,RESERVA GASBAN,MMm³,8.15,
PS_20260930.pdf,2026-09-30,mié 30 - sept 18 hs,28 de sept al 04 oct'26,2026-10-01,Proyección,Temperatura,,Temperatura Media Estimada Anillo Bs.As.,°C,14.0,
PS_20260930.pdf,2026-09-30,mié 30 - sept 18 hs,28 de sept al 04 oct'26,2026-10-01,Proyección,Demanda total,,DEMANDA TOTAL,MMm³,134.9,
PS_20260930.pdf,2026-09-30,mié 30 - sept 18 hs,28 de sept al 04 oct'26,2026-10-01,Proyección,A- Dentro de sistemas de transporte,,A- DENTRO DE SISTEMAS DE TRANSPORTE,MMm³,119.5,
PS_20260930.pdf,2026-09-30,mié 30 - sept 18 hs,28 de sept al 04 oct'26,2026-10-01,Proyección,A- Dentro de sistemas de transporte,,Demanda Prioritaria (R+SGP),MMm³,48.0,
PS_20260930.pdf,2026-09-30,mié 30 - sept 18 hs,28 de sept al 04 oct'26,2026-10-01,Proyección,A- Dentro de sistemas de transporte,,Ajuste de Demanda (conforme a proyecciones del Sist. de Transporte),MMm³,0.4,
PS_20260930.pdf,2026-09-30,mié 30 - sept 18 hs,28 de sept al 04 oct'26,2026-10-01,Proyección,A- Dentro de sistemas de transporte,,Gas Combustible,MMm³,3.6,
PS_20260930.pdf,2026-09-30,mié 30 - sept 18 hs,28 de sept al 04 oct'26,2026-10-01,Proyección,A- Dentro de sistemas de transporte,,GNC,MMm³,5.7,
PS_20260930.pdf,2026-09-30,mié 30 - sept 18 hs,28 de sept al 04 oct'26,2026-10-01,Proyección,A- Dentro de sistemas de transporte,,Industria (P3+GU+Grandes C.),MMm³,36.7,
PS_20260930.pdf,2026-09-30,mié 30 - sept 18 hs,28 de sept al 04 oct'26,2026-10-01,Proyección,A- Dentro de sistemas de transporte,,Usinas dentro del Sistema de Transporte,MMm³,21.1,
PS_20260930.pdf,2026-09-30,mié 30 - sept 18 hs,28 de sept al 04 oct'26,2026-10-01,Proyección,A- Dentro de sistemas de transporte,,Exportaciones en el Sistema de Transporte TGN,MMm³,2.0,
PS_20260930.pdf,2026-09-30,mié 30 - sept 18 hs,28 de sept al 04 oct'26,2026-10-01,Proyección,A- Dentro de sistemas de transporte,,Exportaciones en el Sistema de Transporte TGS,MMm³,2.1,
PS_20260930.pdf,2026-09-30,mié 30 - sept 18 hs,28 de sept al 04 oct'26,2026-10-01,Proyección,B- Fuera de sistemas de transporte,,B- FUERA DE SISTEMAS DE TRANSPORTE,MMm³,15.4,
PS_20260930.pdf,2026-09-30,mié 30 - sept 18 hs,28 de sept al 04 oct'26,2026-10-01,Proyección,B- Fuera de sistemas de transporte,,Demanda Tierra del Fuego,MMm³,0.7,
PS_20260930.pdf,2026-09-30,mié 30 - sept 18 hs,28 de sept al 04 oct'26,2026-10-01,Proyección,B- Fuera de sistemas de transporte,,Usinas en Boca Pozo,MMm³,4.0,
PS_20260930.pdf,2026-09-30,mié 30 - sept 18 hs,28 de sept al 04 oct'26,2026-10-01,Proyección,B- Fuera de sistemas de transporte,,Gas Pacífico,MMm³,1.0,
PS_20260930.pdf,2026-09-30,mié 30 - sept 18 hs,28 de sept al 04 oct'26,2026-10-01,Proyección,B- Fuera de sistemas de transporte,,Mega + Metanol,MMm³,8.2,
PS_20260930.pdf,2026-09-30,mié 30 - sept 18 hs,28 de sept al 04 oct'26,2026-10-01,Proyección,B- Fuera de sistemas de transporte,,Refinor,MMm³,0.4,
PS_20260930.pdf,2026-09-30,mié 30 - sept 18 hs,28 de sept al 04 oct'26,2026-10-01,Proyección,B- Fuera de sistemas de transporte,,Gas Atacama,MMm³,0.0,
PS_20260930.pdf,2026-09-30,mié 30 - sept 18 hs,28 de sept al 04 oct'26,2026-10-01,Proyección,B- Fuera de sistemas de transporte,,Methanex,MMm³,1.1,
PS_20260930.pdf,2026-09-30,mié 30 - sept 18 hs,28 de sept al 04 oct'26,2026-10-01,Proyección,Inyecciones (TGN + TGS + ENARSA),,INYECCIONES (TGN + TGS + ENARSA),MMm³,114.3,
PS_20260930.pdf,2026-09-30,mié 30 - sept 18 hs,28 de sept al 04 oct'26,2026-10-01,Proyección,Inyecciones (TGN + TGS + ENARSA),,PRODUCTORES - INYECCION NACIONAL,MMm³,114.3,
PS_20260930.pdf,2026-09-30,mié 30 - sept 18 hs,28 de sept al 04 oct'26,2026-10-01,Proyección,Inyecciones (TGN + TGS + ENARSA),,TGS,MMm³,65.9,
PS_20260930.pdf,2026-09-30,mié 30 - sept 18 hs,28 de sept al 04 oct'26,2026-10-01,Proyección,Inyecciones (TGN + TGS + ENARSA),TGS,Sur,MMm³,20.9,
PS_20260930.pdf,2026-09-30,mié 30 - sept 18 hs,28 de sept al 04 oct'26,2026-10-01,Proyección,Inyecciones (TGN + TGS + ENARSA),TGS,Neuba I,MMm³,10.0,
PS_20260930.pdf,2026-09-30,mié 30 - sept 18 hs,28 de sept al 04 oct'26,2026-10-01,Proyección,Inyecciones (TGN + TGS + ENARSA),TGS,Neuba II,MMm³,35.0,
PS_20260930.pdf,2026-09-30,mié 30 - sept 18 hs,28 de sept al 04 oct'26,2026-10-01,Proyección,Inyecciones (TGN + TGS + ENARSA),TGS,Patagónico,MMm³,0.0,
PS_20260930.pdf,2026-09-30,mié 30 - sept 18 hs,28 de sept al 04 oct'26,2026-10-01,Proyección,Inyecciones (TGN + TGS + ENARSA),,TGN,MMm³,29.4,
PS_20260930.pdf,2026-09-30,mié 30 - sept 18 hs,28 de sept al 04 oct'26,2026-10-01,Proyección,Inyecciones (TGN + TGS + ENARSA),TGN,Norte (incluye importación),MMm³,1.9,
PS_20260930.pdf,2026-09-30,mié 30 - sept 18 hs,28 de sept al 04 oct'26,2026-10-01,Proyección,Inyecciones (TGN + TGS + ENARSA),TGN,Neuquén,MMm³,27.5,
PS_20260930.pdf,2026-09-30,mié 30 - sept 18 hs,28 de sept al 04 oct'26,2026-10-01,Proyección,Inyecciones (TGN + TGS + ENARSA),,ENARSA,MMm³,19.0,
PS_20260930.pdf,2026-09-30,mié 30 - sept 18 hs,28 de sept al 04 oct'26,2026-10-01,Proyección,Inyecciones (TGN + TGS + ENARSA),ENARSA,GPFM,MMm³,19.0,
PS_20260930.pdf,2026-09-30,mié 30 - sept 18 hs,28 de sept al 04 oct'26,2026-10-01,Proyección,Otras inyecciones,,BOLIVIA,MMm³,0.0,
PS_20260930.pdf,2026-09-30,mié 30 - sept 18 hs,28 de sept al 04 oct'26,2026-10-01,Proyección,Otras inyecciones,,Inyección desde Chile,MMm³,0.0,
PS_20260930.pdf,2026-09-30,mié 30 - sept 18 hs,28 de sept al 04 oct'26,2026-10-01,Proyección,Otras inyecciones,,PEAK SHAVING,MMm³,0.0,
PS_20260930.pdf,2026-09-30,mié 30 - sept 18 hs,28 de sept al 04 oct'26,2026-10-01,Proyección,Otras inyecciones,,INYECCIÓN BUQUE ESCOBAR,MMm³,0.0,
PS_20260930.pdf,2026-09-30,mié 30 - sept 18 hs,28 de sept al 04 oct'26,2026-10-01,Proyección,Stock (linepack),,STOCK (TGN+TGS),MMm³,369.1,312-368
PS_20260930.pdf,2026-09-30,mié 30 - sept 18 hs,28 de sept al 04 oct'26,2026-10-01,Proyección,Stock (linepack),,DELTA,MMm³,-5.2,
PS_20260930.pdf,2026-09-30,mié 30 - sept 18 hs,28 de sept al 04 oct'26,2026-10-01,Proyección,Stock (linepack),,TGS,MMm³,231.44,215-235
PS_20260930.pdf,2026-09-30,mié 30 - sept 18 hs,28 de sept al 04 oct'26,2026-10-01,Proyección,Stock (linepack),,TGN,MMm³,137.69,110-142
PS_20260930.pdf,2026-09-30,mié 30 - sept 18 hs,28 de sept al 04 oct'26,2026-10-01,Proyección,Stock (linepack),,TRAMOS INICIALES,MMm³,267.77,218-254
PS_20260930.pdf,2026-09-30,mié 30 - sept 18 hs,28 de sept al 04 oct'26,2026-10-01,Proyección,Stock (linepack),,TRAMOS FINALES,MMm³,101.36,85-101
PS_20260930.pdf,2026-09-30,mié 30 - sept 18 hs,28 de sept al 04 oct'26,2026-10-01,Proyección,Stock (linepack),TRAMOS FINALES,TGS,MMm³,84.12,
PS_20260930.pdf,2026-09-30,mié 30 - sept 18 hs,28 de sept al 04 oct'26,2026-10-01,Proyección,Stock (linepack),TRAMOS FINALES,TGN,MMm³,17.24,
PS_20260930.pdf,2026-09-30,mié 30 - sept 18 hs,28 de sept al 04 oct'26,2026-10-01,Proyección,Saldos,,BUQUE REGASIFICADOR (ESC),MMm³,58.38,
PS_20260930.pdf,2026-09-30,mié 30 - sept 18 hs,28 de sept al 04 oct'26,2026-10-01,Proyección,Saldos,,RESERVA GASBAN,MMm³,8.15,
PS_20260930.pdf,2026-09-30,mié 30 - sept 18 hs,28 de sept al 04 oct'26,2026-10-02,Proyección,Temperatura,,Temperatura Media Estimada Anillo Bs.As.,°C,16.0,
PS_20260930.pdf,2026-09-30,mié 30 - sept 18 hs,28 de sept al 04 oct'26,2026-10-02,Proyección,Demanda total,,DEMANDA TOTAL,MMm³,129.8,
PS_20260930.pdf,2026-09-30,mié 30 - sept 18 hs,28 de sept al 04 oct'26,2026-10-02,Proyección,A- Dentro de sistemas de transporte,,A- DENTRO DE SISTEMAS DE TRANSPORTE,MMm³,114.8,
PS_20260930.pdf,2026-09-30,mié 30 - sept 18 hs,28 de sept al 04 oct'26,2026-10-02,Proyección,A- Dentro de sistemas de transporte,,Demanda Prioritaria (R+SGP),MMm³,46.1,
PS_20260930.pdf,2026-09-30,mié 30 - sept 18 hs,28 de sept al 04 oct'26,2026-10-02,Proyección,A- Dentro de sistemas de transporte,,Ajuste de Demanda (conforme a proyecciones del Sist. de Transporte),MMm³,0.3,
PS_20260930.pdf,2026-09-30,mié 30 - sept 18 hs,28 de sept al 04 oct'26,2026-10-02,Proyección,A- Dentro de sistemas de transporte,,Gas Combustible,MMm³,3.6,
PS_20260930.pdf,2026-09-30,mié 30 - sept 18 hs,28 de sept al 04 oct'26,2026-10-02,Proyección,A- Dentro de sistemas de transporte,,GNC,MMm³,6.0,
PS_20260930.pdf,2026-09-30,mié 30 - sept 18 hs,28 de sept al 04 oct'26,2026-10-02,Proyección,A- Dentro de sistemas de transporte,,Industria (P3+GU+Grandes C.),MMm³,36.6,
PS_20260930.pdf,2026-09-30,mié 30 - sept 18 hs,28 de sept al 04 oct'26,2026-10-02,Proyección,A- Dentro de sistemas de transporte,,Usinas dentro del Sistema de Transporte,MMm³,18.2,
PS_20260930.pdf,2026-09-30,mié 30 - sept 18 hs,28 de sept al 04 oct'26,2026-10-02,Proyección,A- Dentro de sistemas de transporte,,Exportaciones en el Sistema de Transporte TGN,MMm³,2.0,
PS_20260930.pdf,2026-09-30,mié 30 - sept 18 hs,28 de sept al 04 oct'26,2026-10-02,Proyección,A- Dentro de sistemas de transporte,,Exportaciones en el Sistema de Transporte TGS,MMm³,2.1,
PS_20260930.pdf,2026-09-30,mié 30 - sept 18 hs,28 de sept al 04 oct'26,2026-10-02,Proyección,B- Fuera de sistemas de transporte,,B- FUERA DE SISTEMAS DE TRANSPORTE,MMm³,15.0,
PS_20260930.pdf,2026-09-30,mié 30 - sept 18 hs,28 de sept al 04 oct'26,2026-10-02,Proyección,B- Fuera de sistemas de transporte,,Demanda Tierra del Fuego,MMm³,0.7,
PS_20260930.pdf,2026-09-30,mié 30 - sept 18 hs,28 de sept al 04 oct'26,2026-10-02,Proyección,B- Fuera de sistemas de transporte,,Usinas en Boca Pozo,MMm³,3.6,
PS_20260930.pdf,2026-09-30,mié 30 - sept 18 hs,28 de sept al 04 oct'26,2026-10-02,Proyección,B- Fuera de sistemas de transporte,,Gas Pacífico,MMm³,1.0,
PS_20260930.pdf,2026-09-30,mié 30 - sept 18 hs,28 de sept al 04 oct'26,2026-10-02,Proyección,B- Fuera de sistemas de transporte,,Mega + Metanol,MMm³,8.2,
PS_20260930.pdf,2026-09-30,mié 30 - sept 18 hs,28 de sept al 04 oct'26,2026-10-02,Proyección,B- Fuera de sistemas de transporte,,Refinor,MMm³,0.4,
PS_20260930.pdf,2026-09-30,mié 30 - sept 18 hs,28 de sept al 04 oct'26,2026-10-02,Proyección,B- Fuera de sistemas de transporte,,Gas Atacama,MMm³,0.0,
PS_20260930.pdf,2026-09-30,mié 30 - sept 18 hs,28 de sept al 04 oct'26,2026-10-02,Proyección,B- Fuera de sistemas de transporte,,Methanex,MMm³,1.1,
PS_20260930.pdf,2026-09-30,mié 30 - sept 18 hs,28 de sept al 04 oct'26,2026-10-02,Proyección,Inyecciones (TGN + TGS + ENARSA),,INYECCIONES (TGN + TGS + ENARSA),MMm³,111.3,
PS_20260930.pdf,2026-09-30,mié 30 - sept 18 hs,28 de sept al 04 oct'26,2026-10-02,Proyección,Inyecciones (TGN + TGS + ENARSA),,PRODUCTORES - INYECCION NACIONAL,MMm³,111.3,
PS_20260930.pdf,2026-09-30,mié 30 - sept 18 hs,28 de sept al 04 oct'26,2026-10-02,Proyección,Inyecciones (TGN + TGS + ENARSA),,TGS,MMm³,64.9,
PS_20260930.pdf,2026-09-30,mié 30 - sept 18 hs,28 de sept al 04 oct'26,2026-10-02,Proyección,Inyecciones (TGN + TGS + ENARSA),TGS,Sur,MMm³,20.9,
PS_20260930.pdf,2026-09-30,mié 30 - sept 18 hs,28 de sept al 04 oct'26,2026-10-02,Proyección,Inyecciones (TGN + TGS + ENARSA),TGS,Neuba I,MMm³,10.0,
PS_20260930.pdf,2026-09-30,mié 30 - sept 18 hs,28 de sept al 04 oct'26,2026-10-02,Proyección,Inyecciones (TGN + TGS + ENARSA),TGS,Neuba II,MMm³,34.0,
PS_20260930.pdf,2026-09-30,mié 30 - sept 18 hs,28 de sept al 04 oct'26,2026-10-02,Proyección,Inyecciones (TGN + TGS + ENARSA),TGS,Patagónico,MMm³,0.0,
PS_20260930.pdf,2026-09-30,mié 30 - sept 18 hs,28 de sept al 04 oct'26,2026-10-02,Proyección,Inyecciones (TGN + TGS + ENARSA),,TGN,MMm³,29.4,
PS_20260930.pdf,2026-09-30,mié 30 - sept 18 hs,28 de sept al 04 oct'26,2026-10-02,Proyección,Inyecciones (TGN + TGS + ENARSA),TGN,Norte (incluye importación),MMm³,1.9,
PS_20260930.pdf,2026-09-30,mié 30 - sept 18 hs,28 de sept al 04 oct'26,2026-10-02,Proyección,Inyecciones (TGN + TGS + ENARSA),TGN,Neuquén,MMm³,27.5,
PS_20260930.pdf,2026-09-30,mié 30 - sept 18 hs,28 de sept al 04 oct'26,2026-10-02,Proyección,Inyecciones (TGN + TGS + ENARSA),,ENARSA,MMm³,17.0,
PS_20260930.pdf,2026-09-30,mié 30 - sept 18 hs,28 de sept al 04 oct'26,2026-10-02,Proyección,Inyecciones (TGN + TGS + ENARSA),ENARSA,GPFM,MMm³,17.0,
PS_20260930.pdf,2026-09-30,mié 30 - sept 18 hs,28 de sept al 04 oct'26,2026-10-02,Proyección,Otras inyecciones,,BOLIVIA,MMm³,0.0,
PS_20260930.pdf,2026-09-30,mié 30 - sept 18 hs,28 de sept al 04 oct'26,2026-10-02,Proyección,Otras inyecciones,,Inyección desde Chile,MMm³,0.0,
PS_20260930.pdf,2026-09-30,mié 30 - sept 18 hs,28 de sept al 04 oct'26,2026-10-02,Proyección,Otras inyecciones,,PEAK SHAVING,MMm³,0.0,
PS_20260930.pdf,2026-09-30,mié 30 - sept 18 hs,28 de sept al 04 oct'26,2026-10-02,Proyección,Otras inyecciones,,INYECCIÓN BUQUE ESCOBAR,MMm³,0.0,
PS_20260930.pdf,2026-09-30,mié 30 - sept 18 hs,28 de sept al 04 oct'26,2026-10-02,Proyección,Stock (linepack),,STOCK (TGN+TGS),MMm³,363.9,312-368
PS_20260930.pdf,2026-09-30,mié 30 - sept 18 hs,28 de sept al 04 oct'26,2026-10-02,Proyección,Stock (linepack),,DELTA,MMm³,-3.5,
PS_20260930.pdf,2026-09-30,mié 30 - sept 18 hs,28 de sept al 04 oct'26,2026-10-02,Proyección,Stock (linepack),,TGS,MMm³,227.79,215-235
PS_20260930.pdf,2026-09-30,mié 30 - sept 18 hs,28 de sept al 04 oct'26,2026-10-02,Proyección,Stock (linepack),,TGN,MMm³,136.13,110-142
PS_20260930.pdf,2026-09-30,mié 30 - sept 18 hs,28 de sept al 04 oct'26,2026-10-02,Proyección,Stock (linepack),,TRAMOS INICIALES,MMm³,266.27,218-254
PS_20260930.pdf,2026-09-30,mié 30 - sept 18 hs,28 de sept al 04 oct'26,2026-10-02,Proyección,Stock (linepack),,TRAMOS FINALES,MMm³,97.65,85-101
PS_20260930.pdf,2026-09-30,mié 30 - sept 18 hs,28 de sept al 04 oct'26,2026-10-02,Proyección,Stock (linepack),TRAMOS FINALES,TGS,MMm³,80.62,
PS_20260930.pdf,2026-09-30,mié 30 - sept 18 hs,28 de sept al 04 oct'26,2026-10-02,Proyección,Stock (linepack),TRAMOS FINALES,TGN,MMm³,17.03,
PS_20260930.pdf,2026-09-30,mié 30 - sept 18 hs,28 de sept al 04 oct'26,2026-10-02,Proyección,Saldos,,BUQUE REGASIFICADOR (ESC),MMm³,58.25,
PS_20260930.pdf,2026-09-30,mié 30 - sept 18 hs,28 de sept al 04 oct'26,2026-10-02,Proyección,Saldos,,RESERVA GASBAN,MMm³,8.15,
PS_20260930.pdf,2026-09-30,mié 30 - sept 18 hs,28 de sept al 04 oct'26,2026-10-03,Proyección,Temperatura,,Temperatura Media Estimada Anillo Bs.As.,°C,15.0,
PS_20260930.pdf,2026-09-30,mié 30 - sept 18 hs,28 de sept al 04 oct'26,2026-10-03,Proyección,Demanda total,,DEMANDA TOTAL,MMm³,120.9,
PS_20260930.pdf,2026-09-30,mié 30 - sept 18 hs,28 de sept al 04 oct'26,2026-10-03,Proyección,A- Dentro de sistemas de transporte,,A- DENTRO DE SISTEMAS DE TRANSPORTE,MMm³,106.0,
PS_20260930.pdf,2026-09-30,mié 30 - sept 18 hs,28 de sept al 04 oct'26,2026-10-03,Proyección,A- Dentro de sistemas de transporte,,Demanda Prioritaria (R+SGP),MMm³,39.1,
PS_20260930.pdf,2026-09-30,mié 30 - sept 18 hs,28 de sept al 04 oct'26,2026-10-03,Proyección,A- Dentro de sistemas de transporte,,Ajuste de Demanda (conforme a proyecciones del Sist. de Transporte),MMm³,0.3,
PS_20260930.pdf,2026-09-30,mié 30 - sept 18 hs,28 de sept al 04 oct'26,2026-10-03,Proyección,A- Dentro de sistemas de transporte,,Gas Combustible,MMm³,3.6,
PS_20260930.pdf,2026-09-30,mié 30 - sept 18 hs,28 de sept al 04 oct'26,2026-10-03,Proyección,A- Dentro de sistemas de transporte,,GNC,MMm³,5.8,
PS_20260930.pdf,2026-09-30,mié 30 - sept 18 hs,28 de sept al 04 oct'26,2026-10-03,Proyección,A- Dentro de sistemas de transporte,,Industria (P3+GU+Grandes C.),MMm³,35.0,
PS_20260930.pdf,2026-09-30,mié 30 - sept 18 hs,28 de sept al 04 oct'26,2026-10-03,Proyección,A- Dentro de sistemas de transporte,,Usinas dentro del Sistema de Transporte,MMm³,18.2,
PS_20260930.pdf,2026-09-30,mié 30 - sept 18 hs,28 de sept al 04 oct'26,2026-10-03,Proyección,A- Dentro de sistemas de transporte,,Exportaciones en el Sistema de Transporte TGN,MMm³,2.0,
PS_20260930.pdf,2026-09-30,mié 30 - sept 18 hs,28 de sept al 04 oct'26,2026-10-03,Proyección,A- Dentro de sistemas de transporte,,Exportaciones en el Sistema de Transporte TGS,MMm³,2.1,
PS_20260930.pdf,2026-09-30,mié 30 - sept 18 hs,28 de sept al 04 oct'26,2026-10-03,Proyección,B- Fuera de sistemas de transporte,,B- FUERA DE SISTEMAS DE TRANSPORTE,MMm³,15.0,
PS_20260930.pdf,2026-09-30,mié 30 - sept 18 hs,28 de sept al 04 oct'26,2026-10-03,Proyección,B- Fuera de sistemas de transporte,,Demanda Tierra del Fuego,MMm³,0.7,
PS_20260930.pdf,2026-09-30,mié 30 - sept 18 hs,28 de sept al 04 oct'26,2026-10-03,Proyección,B- Fuera de sistemas de transporte,,Usinas en Boca Pozo,MMm³,3.7,
PS_20260930.pdf,2026-09-30,mié 30 - sept 18 hs,28 de sept al 04 oct'26,2026-10-03,Proyección,B- Fuera de sistemas de transporte,,Gas Pacífico,MMm³,1.0,
PS_20260930.pdf,2026-09-30,mié 30 - sept 18 hs,28 de sept al 04 oct'26,2026-10-03,Proyección,B- Fuera de sistemas de transporte,,Mega + Metanol,MMm³,8.2,
PS_20260930.pdf,2026-09-30,mié 30 - sept 18 hs,28 de sept al 04 oct'26,2026-10-03,Proyección,B- Fuera de sistemas de transporte,,Refinor,MMm³,0.4,
PS_20260930.pdf,2026-09-30,mié 30 - sept 18 hs,28 de sept al 04 oct'26,2026-10-03,Proyección,B- Fuera de sistemas de transporte,,Gas Atacama,MMm³,0.0,
PS_20260930.pdf,2026-09-30,mié 30 - sept 18 hs,28 de sept al 04 oct'26,2026-10-03,Proyección,B- Fuera de sistemas de transporte,,Methanex,MMm³,1.1,
PS_20260930.pdf,2026-09-30,mié 30 - sept 18 hs,28 de sept al 04 oct'26,2026-10-03,Proyección,Inyecciones (TGN + TGS + ENARSA),,INYECCIONES (TGN + TGS + ENARSA),MMm³,109.8,
PS_20260930.pdf,2026-09-30,mié 30 - sept 18 hs,28 de sept al 04 oct'26,2026-10-03,Proyección,Inyecciones (TGN + TGS + ENARSA),,PRODUCTORES - INYECCION NACIONAL,MMm³,109.8,
PS_20260930.pdf,2026-09-30,mié 30 - sept 18 hs,28 de sept al 04 oct'26,2026-10-03,Proyección,Inyecciones (TGN + TGS + ENARSA),,TGS,MMm³,63.4,
PS_20260930.pdf,2026-09-30,mié 30 - sept 18 hs,28 de sept al 04 oct'26,2026-10-03,Proyección,Inyecciones (TGN + TGS + ENARSA),TGS,Sur,MMm³,20.4,
PS_20260930.pdf,2026-09-30,mié 30 - sept 18 hs,28 de sept al 04 oct'26,2026-10-03,Proyección,Inyecciones (TGN + TGS + ENARSA),TGS,Neuba I,MMm³,10.0,
PS_20260930.pdf,2026-09-30,mié 30 - sept 18 hs,28 de sept al 04 oct'26,2026-10-03,Proyección,Inyecciones (TGN + TGS + ENARSA),TGS,Neuba II,MMm³,33.0,
PS_20260930.pdf,2026-09-30,mié 30 - sept 18 hs,28 de sept al 04 oct'26,2026-10-03,Proyección,Inyecciones (TGN + TGS + ENARSA),TGS,Patagónico,MMm³,0.0,
PS_20260930.pdf,2026-09-30,mié 30 - sept 18 hs,28 de sept al 04 oct'26,2026-10-03,Proyección,Inyecciones (TGN + TGS + ENARSA),,TGN,MMm³,29.4,
PS_20260930.pdf,2026-09-30,mié 30 - sept 18 hs,28 de sept al 04 oct'26,2026-10-03,Proyección,Inyecciones (TGN + TGS + ENARSA),TGN,Norte (incluye importación),MMm³,1.9,
PS_20260930.pdf,2026-09-30,mié 30 - sept 18 hs,28 de sept al 04 oct'26,2026-10-03,Proyección,Inyecciones (TGN + TGS + ENARSA),TGN,Neuquén,MMm³,27.5,
PS_20260930.pdf,2026-09-30,mié 30 - sept 18 hs,28 de sept al 04 oct'26,2026-10-03,Proyección,Inyecciones (TGN + TGS + ENARSA),,ENARSA,MMm³,17.0,
PS_20260930.pdf,2026-09-30,mié 30 - sept 18 hs,28 de sept al 04 oct'26,2026-10-03,Proyección,Inyecciones (TGN + TGS + ENARSA),ENARSA,GPFM,MMm³,17.0,
PS_20260930.pdf,2026-09-30,mié 30 - sept 18 hs,28 de sept al 04 oct'26,2026-10-03,Proyección,Otras inyecciones,,BOLIVIA,MMm³,0.0,
PS_20260930.pdf,2026-09-30,mié 30 - sept 18 hs,28 de sept al 04 oct'26,2026-10-03,Proyección,Otras inyecciones,,Inyección desde Chile,MMm³,0.0,
PS_20260930.pdf,2026-09-30,mié 30 - sept 18 hs,28 de sept al 04 oct'26,2026-10-03,Proyección,Otras inyecciones,,PEAK SHAVING,MMm³,0.0,
PS_20260930.pdf,2026-09-30,mié 30 - sept 18 hs,28 de sept al 04 oct'26,2026-10-03,Proyección,Otras inyecciones,,INYECCIÓN BUQUE ESCOBAR,MMm³,0.0,
PS_20260930.pdf,2026-09-30,mié 30 - sept 18 hs,28 de sept al 04 oct'26,2026-10-03,Proyección,Stock (linepack),,STOCK (TGN+TGS),MMm³,360.4,312-368
PS_20260930.pdf,2026-09-30,mié 30 - sept 18 hs,28 de sept al 04 oct'26,2026-10-03,Proyección,Stock (linepack),,DELTA,MMm³,3.8,
PS_20260930.pdf,2026-09-30,mié 30 - sept 18 hs,28 de sept al 04 oct'26,2026-10-03,Proyección,Stock (linepack),,TGS,MMm³,225.34,215-235
PS_20260930.pdf,2026-09-30,mié 30 - sept 18 hs,28 de sept al 04 oct'26,2026-10-03,Proyección,Stock (linepack),,TGN,MMm³,135.08,110-142
PS_20260930.pdf,2026-09-30,mié 30 - sept 18 hs,28 de sept al 04 oct'26,2026-10-03,Proyección,Stock (linepack),,TRAMOS INICIALES,MMm³,263.27,218-254
PS_20260930.pdf,2026-09-30,mié 30 - sept 18 hs,28 de sept al 04 oct'26,2026-10-03,Proyección,Stock (linepack),,TRAMOS FINALES,MMm³,97.15,85-101
PS_20260930.pdf,2026-09-30,mié 30 - sept 18 hs,28 de sept al 04 oct'26,2026-10-03,Proyección,Stock (linepack),TRAMOS FINALES,TGS,MMm³,80.27,
PS_20260930.pdf,2026-09-30,mié 30 - sept 18 hs,28 de sept al 04 oct'26,2026-10-03,Proyección,Stock (linepack),TRAMOS FINALES,TGN,MMm³,16.88,
PS_20260930.pdf,2026-09-30,mié 30 - sept 18 hs,28 de sept al 04 oct'26,2026-10-03,Proyección,Saldos,,BUQUE REGASIFICADOR (ESC),MMm³,58.12,
PS_20260930.pdf,2026-09-30,mié 30 - sept 18 hs,28 de sept al 04 oct'26,2026-10-03,Proyección,Saldos,,RESERVA GASBAN,MMm³,8.15,
PS_20260930.pdf,2026-09-30,mié 30 - sept 18 hs,28 de sept al 04 oct'26,2026-10-04,Proyección,Temperatura,,Temperatura Media Estimada Anillo Bs.As.,°C,13.5,
PS_20260930.pdf,2026-09-30,mié 30 - sept 18 hs,28 de sept al 04 oct'26,2026-10-04,Proyección,Demanda total,,DEMANDA TOTAL,MMm³,116.2,
PS_20260930.pdf,2026-09-30,mié 30 - sept 18 hs,28 de sept al 04 oct'26,2026-10-04,Proyección,A- Dentro de sistemas de transporte,,A- DENTRO DE SISTEMAS DE TRANSPORTE,MMm³,101.2,
PS_20260930.pdf,2026-09-30,mié 30 - sept 18 hs,28 de sept al 04 oct'26,2026-10-04,Proyección,A- Dentro de sistemas de transporte,,Demanda Prioritaria (R+SGP),MMm³,36.0,
PS_20260930.pdf,2026-09-30,mié 30 - sept 18 hs,28 de sept al 04 oct'26,2026-10-04,Proyección,A- Dentro de sistemas de transporte,,Ajuste de Demanda (conforme a proyecciones del Sist. de Transporte),MMm³,0.3,
PS_20260930.pdf,2026-09-30,mié 30 - sept 18 hs,28 de sept al 04 oct'26,2026-10-04,Proyección,A- Dentro de sistemas de transporte,,Gas Combustible,MMm³,3.6,
PS_20260930.pdf,2026-09-30,mié 30 - sept 18 hs,28 de sept al 04 oct'26,2026-10-04,Proyección,A- Dentro de sistemas de transporte,,GNC,MMm³,5.0,
PS_20260930.pdf,2026-09-30,mié 30 - sept 18 hs,28 de sept al 04 oct'26,2026-10-04,Proyección,A- Dentro de sistemas de transporte,,Industria (P3+GU+Grandes C.),MMm³,34.8,
PS_20260930.pdf,2026-09-30,mié 30 - sept 18 hs,28 de sept al 04 oct'26,2026-10-04,Proyección,A- Dentro de sistemas de transporte,,Usinas dentro del Sistema de Transporte,MMm³,17.6,
PS_20260930.pdf,2026-09-30,mié 30 - sept 18 hs,28 de sept al 04 oct'26,2026-10-04,Proyección,A- Dentro de sistemas de transporte,,Exportaciones en el Sistema de Transporte TGN,MMm³,2.0,
PS_20260930.pdf,2026-09-30,mié 30 - sept 18 hs,28 de sept al 04 oct'26,2026-10-04,Proyección,A- Dentro de sistemas de transporte,,Exportaciones en el Sistema de Transporte TGS,MMm³,2.1,
PS_20260930.pdf,2026-09-30,mié 30 - sept 18 hs,28 de sept al 04 oct'26,2026-10-04,Proyección,B- Fuera de sistemas de transporte,,B- FUERA DE SISTEMAS DE TRANSPORTE,MMm³,15.0,
PS_20260930.pdf,2026-09-30,mié 30 - sept 18 hs,28 de sept al 04 oct'26,2026-10-04,Proyección,B- Fuera de sistemas de transporte,,Demanda Tierra del Fuego,MMm³,0.7,
PS_20260930.pdf,2026-09-30,mié 30 - sept 18 hs,28 de sept al 04 oct'26,2026-10-04,Proyección,B- Fuera de sistemas de transporte,,Usinas en Boca Pozo,MMm³,3.7,
PS_20260930.pdf,2026-09-30,mié 30 - sept 18 hs,28 de sept al 04 oct'26,2026-10-04,Proyección,B- Fuera de sistemas de transporte,,Gas Pacífico,MMm³,1.0,
PS_20260930.pdf,2026-09-30,mié 30 - sept 18 hs,28 de sept al 04 oct'26,2026-10-04,Proyección,B- Fuera de sistemas de transporte,,Mega + Metanol,MMm³,8.2,
PS_20260930.pdf,2026-09-30,mié 30 - sept 18 hs,28 de sept al 04 oct'26,2026-10-04,Proyección,B- Fuera de sistemas de transporte,,Refinor,MMm³,0.4,
PS_20260930.pdf,2026-09-30,mié 30 - sept 18 hs,28 de sept al 04 oct'26,2026-10-04,Proyección,B- Fuera de sistemas de transporte,,Gas Atacama,MMm³,0.0,
PS_20260930.pdf,2026-09-30,mié 30 - sept 18 hs,28 de sept al 04 oct'26,2026-10-04,Proyección,B- Fuera de sistemas de transporte,,Methanex,MMm³,1.1,
PS_20260930.pdf,2026-09-30,mié 30 - sept 18 hs,28 de sept al 04 oct'26,2026-10-04,Proyección,Inyecciones (TGN + TGS + ENARSA),,INYECCIONES (TGN + TGS + ENARSA),MMm³,109.8,
PS_20260930.pdf,2026-09-30,mié 30 - sept 18 hs,28 de sept al 04 oct'26,2026-10-04,Proyección,Inyecciones (TGN + TGS + ENARSA),,PRODUCTORES - INYECCION NACIONAL,MMm³,109.8,
PS_20260930.pdf,2026-09-30,mié 30 - sept 18 hs,28 de sept al 04 oct'26,2026-10-04,Proyección,Inyecciones (TGN + TGS + ENARSA),,TGS,MMm³,63.4,
PS_20260930.pdf,2026-09-30,mié 30 - sept 18 hs,28 de sept al 04 oct'26,2026-10-04,Proyección,Inyecciones (TGN + TGS + ENARSA),TGS,Sur,MMm³,20.4,
PS_20260930.pdf,2026-09-30,mié 30 - sept 18 hs,28 de sept al 04 oct'26,2026-10-04,Proyección,Inyecciones (TGN + TGS + ENARSA),TGS,Neuba I,MMm³,10.0,
PS_20260930.pdf,2026-09-30,mié 30 - sept 18 hs,28 de sept al 04 oct'26,2026-10-04,Proyección,Inyecciones (TGN + TGS + ENARSA),TGS,Neuba II,MMm³,33.0,
PS_20260930.pdf,2026-09-30,mié 30 - sept 18 hs,28 de sept al 04 oct'26,2026-10-04,Proyección,Inyecciones (TGN + TGS + ENARSA),TGS,Patagónico,MMm³,0.0,
PS_20260930.pdf,2026-09-30,mié 30 - sept 18 hs,28 de sept al 04 oct'26,2026-10-04,Proyección,Inyecciones (TGN + TGS + ENARSA),,TGN,MMm³,29.4,
PS_20260930.pdf,2026-09-30,mié 30 - sept 18 hs,28 de sept al 04 oct'26,2026-10-04,Proyección,Inyecciones (TGN + TGS + ENARSA),TGN,Norte (incluye importación),MMm³,1.9,
PS_20260930.pdf,2026-09-30,mié 30 - sept 18 hs,28 de sept al 04 oct'26,2026-10-04,Proyección,Inyecciones (TGN + TGS + ENARSA),TGN,Neuquén,MMm³,27.5,
PS_20260930.pdf,2026-09-30,mié 30 - sept 18 hs,28 de sept al 04 oct'26,2026-10-04,Proyección,Inyecciones (TGN + TGS + ENARSA),,ENARSA,MMm³,17.0,
PS_20260930.pdf,2026-09-30,mié 30 - sept 18 hs,28 de sept al 04 oct'26,2026-10-04,Proyección,Inyecciones (TGN + TGS + ENARSA),ENARSA,GPFM,MMm³,17.0,
PS_20260930.pdf,2026-09-30,mié 30 - sept 18 hs,28 de sept al 04 oct'26,2026-10-04,Proyección,Otras inyecciones,,BOLIVIA,MMm³,0.0,
PS_20260930.pdf,2026-09-30,mié 30 - sept 18 hs,28 de sept al 04 oct'26,2026-10-04,Proyección,Otras inyecciones,,Inyección desde Chile,MMm³,0.0,
PS_20260930.pdf,2026-09-30,mié 30 - sept 18 hs,28 de sept al 04 oct'26,2026-10-04,Proyección,Otras inyecciones,,PEAK SHAVING,MMm³,0.0,
PS_20260930.pdf,2026-09-30,mié 30 - sept 18 hs,28 de sept al 04 oct'26,2026-10-04,Proyección,Otras inyecciones,,INYECCIÓN BUQUE ESCOBAR,MMm³,0.0,
PS_20260930.pdf,2026-09-30,mié 30 - sept 18 hs,28 de sept al 04 oct'26,2026-10-04,Proyección,Stock (linepack),,STOCK (TGN+TGS),MMm³,364.3,312-368
PS_20260930.pdf,2026-09-30,mié 30 - sept 18 hs,28 de sept al 04 oct'26,2026-10-04,Proyección,Stock (linepack),,DELTA,MMm³,8.6,
PS_20260930.pdf,2026-09-30,mié 30 - sept 18 hs,28 de sept al 04 oct'26,2026-10-04,Proyección,Stock (linepack),,TGS,MMm³,228.03,215-235
PS_20260930.pdf,2026-09-30,mié 30 - sept 18 hs,28 de sept al 04 oct'26,2026-10-04,Proyección,Stock (linepack),,TGN,MMm³,136.23,110-142
PS_20260930.pdf,2026-09-30,mié 30 - sept 18 hs,28 de sept al 04 oct'26,2026-10-04,Proyección,Stock (linepack),,TRAMOS INICIALES,MMm³,264.36,218-254
PS_20260930.pdf,2026-09-30,mié 30 - sept 18 hs,28 de sept al 04 oct'26,2026-10-04,Proyección,Stock (linepack),,TRAMOS FINALES,MMm³,99.9,85-101
PS_20260930.pdf,2026-09-30,mié 30 - sept 18 hs,28 de sept al 04 oct'26,2026-10-04,Proyección,Stock (linepack),TRAMOS FINALES,TGS,MMm³,82.77,
PS_20260930.pdf,2026-09-30,mié 30 - sept 18 hs,28 de sept al 04 oct'26,2026-10-04,Proyección,Stock (linepack),TRAMOS FINALES,TGN,MMm³,17.13,
PS_20260930.pdf,2026-09-30,mié 30 - sept 18 hs,28 de sept al 04 oct'26,2026-10-04,Proyección,Saldos,,BUQUE REGASIFICADOR (ESC),MMm³,57.99,
PS_20260930.pdf,2026-09-30,mié 30 - sept 18 hs,28 de sept al 04 oct'26,2026-10-04,Proyección,Saldos,,RESERVA GASBAN,MMm³,8.15,
PS_20261001.pdf,2026-10-01,jue 01 - oct 18 hs,28 de sept al 04 oct'26,2026-09-30,Programado,Temperatura,,Temperatura Media Estimada Anillo Bs.As.,°C,13.5,
PS_20261001.pdf,2026-10-01,jue 01 - oct 18 hs,28 de sept al 04 oct'26,2026-09-30,Real,Temperatura,,Temperatura Media Estimada Anillo Bs.As.,°C,14.3,
PS_20261001.pdf,2026-10-01,jue 01 - oct 18 hs,28 de sept al 04 oct'26,2026-09-30,Programado,Demanda total,,DEMANDA TOTAL,MMm³,135.9,
PS_20261001.pdf,2026-10-01,jue 01 - oct 18 hs,28 de sept al 04 oct'26,2026-09-30,Real,Demanda total,,DEMANDA TOTAL,MMm³,134.9,
PS_20261001.pdf,2026-10-01,jue 01 - oct 18 hs,28 de sept al 04 oct'26,2026-09-30,Programado,A- Dentro de sistemas de transporte,,A- DENTRO DE SISTEMAS DE TRANSPORTE,MMm³,121.9,
PS_20261001.pdf,2026-10-01,jue 01 - oct 18 hs,28 de sept al 04 oct'26,2026-09-30,Real,A- Dentro de sistemas de transporte,,A- DENTRO DE SISTEMAS DE TRANSPORTE,MMm³,121.1,
PS_20261001.pdf,2026-10-01,jue 01 - oct 18 hs,28 de sept al 04 oct'26,2026-09-30,Programado,A- Dentro de sistemas de transporte,,Demanda Prioritaria (R+SGP),MMm³,48.0,
PS_20261001.pdf,2026-10-01,jue 01 - oct 18 hs,28 de sept al 04 oct'26,2026-09-30,Real,A- Dentro de sistemas de transporte,,Demanda Prioritaria (R+SGP),MMm³,46.6,
PS_20261001.pdf,2026-10-01,jue 01 - oct 18 hs,28 de sept al 04 oct'26,2026-09-30,Programado,A- Dentro de sistemas de transporte,,Ajuste de Demanda (conforme a proyecciones del Sist. de Transporte),MMm³,-1.0,
PS_20261001.pdf,2026-10-01,jue 01 - oct 18 hs,28 de sept al 04 oct'26,2026-09-30,Real,A- Dentro de sistemas de transporte,,Ajuste de Demanda (conforme a proyecciones del Sist. de Transporte),MMm³,-1.5,
PS_20261001.pdf,2026-10-01,jue 01 - oct 18 hs,28 de sept al 04 oct'26,2026-09-30,Programado,A- Dentro de sistemas de transporte,,Gas Combustible,MMm³,3.6,
PS_20261001.pdf,2026-10-01,jue 01 - oct 18 hs,28 de sept al 04 oct'26,2026-09-30,Real,A- Dentro de sistemas de transporte,,Gas Combustible,MMm³,3.9,
PS_20261001.pdf,2026-10-01,jue 01 - oct 18 hs,28 de sept al 04 oct'26,2026-09-30,Programado,A- Dentro de sistemas de transporte,,GNC,MMm³,5.5,
PS_20261001.pdf,2026-10-01,jue 01 - oct 18 hs,28 de sept al 04 oct'26,2026-09-30,Real,A- Dentro de sistemas de transporte,,GNC,MMm³,5.6,
PS_20261001.pdf,2026-10-01,jue 01 - oct 18 hs,28 de sept al 04 oct'26,2026-09-30,Programado,A- Dentro de sistemas de transporte,,Industria (P3+GU+Grandes C.),MMm³,36.7,
PS_20261001.pdf,2026-10-01,jue 01 - oct 18 hs,28 de sept al 04 oct'26,2026-09-30,Real,A- Dentro de sistemas de transporte,,Industria (P3+GU+Grandes C.),MMm³,37.0,
PS_20261001.pdf,2026-10-01,jue 01 - oct 18 hs,28 de sept al 04 oct'26,2026-09-30,Programado,A- Dentro de sistemas de transporte,,Usinas dentro del Sistema de Transporte,MMm³,23.9,
PS_20261001.pdf,2026-10-01,jue 01 - oct 18 hs,28 de sept al 04 oct'26,2026-09-30,Real,A- Dentro de sistemas de transporte,,Usinas dentro del Sistema de Transporte,MMm³,25.0,
PS_20261001.pdf,2026-10-01,jue 01 - oct 18 hs,28 de sept al 04 oct'26,2026-09-30,Programado,A- Dentro de sistemas de transporte,,Exportaciones en el Sistema de Transporte TGN,MMm³,3.2,
PS_20261001.pdf,2026-10-01,jue 01 - oct 18 hs,28 de sept al 04 oct'26,2026-09-30,Real,A- Dentro de sistemas de transporte,,Exportaciones en el Sistema de Transporte TGN,MMm³,2.6,
PS_20261001.pdf,2026-10-01,jue 01 - oct 18 hs,28 de sept al 04 oct'26,2026-09-30,Programado,A- Dentro de sistemas de transporte,,Exportaciones en el Sistema de Transporte TGS,MMm³,2.1,
PS_20261001.pdf,2026-10-01,jue 01 - oct 18 hs,28 de sept al 04 oct'26,2026-09-30,Real,A- Dentro de sistemas de transporte,,Exportaciones en el Sistema de Transporte TGS,MMm³,2.0,
PS_20261001.pdf,2026-10-01,jue 01 - oct 18 hs,28 de sept al 04 oct'26,2026-09-30,Programado,B- Fuera de sistemas de transporte,,B- FUERA DE SISTEMAS DE TRANSPORTE,MMm³,14.0,
PS_20261001.pdf,2026-10-01,jue 01 - oct 18 hs,28 de sept al 04 oct'26,2026-09-30,Real,B- Fuera de sistemas de transporte,,B- FUERA DE SISTEMAS DE TRANSPORTE,MMm³,13.8,
PS_20261001.pdf,2026-10-01,jue 01 - oct 18 hs,28 de sept al 04 oct'26,2026-09-30,Programado,B- Fuera de sistemas de transporte,,Demanda Tierra del Fuego,MMm³,0.7,
PS_20261001.pdf,2026-10-01,jue 01 - oct 18 hs,28 de sept al 04 oct'26,2026-09-30,Real,B- Fuera de sistemas de transporte,,Demanda Tierra del Fuego,MMm³,0.6,
PS_20261001.pdf,2026-10-01,jue 01 - oct 18 hs,28 de sept al 04 oct'26,2026-09-30,Programado,B- Fuera de sistemas de transporte,,Usinas en Boca Pozo,MMm³,2.7,
PS_20261001.pdf,2026-10-01,jue 01 - oct 18 hs,28 de sept al 04 oct'26,2026-09-30,Real,B- Fuera de sistemas de transporte,,Usinas en Boca Pozo,MMm³,2.7,
PS_20261001.pdf,2026-10-01,jue 01 - oct 18 hs,28 de sept al 04 oct'26,2026-09-30,Programado,B- Fuera de sistemas de transporte,,Gas Pacífico,MMm³,1.0,
PS_20261001.pdf,2026-10-01,jue 01 - oct 18 hs,28 de sept al 04 oct'26,2026-09-30,Real,B- Fuera de sistemas de transporte,,Gas Pacífico,MMm³,0.8,
PS_20261001.pdf,2026-10-01,jue 01 - oct 18 hs,28 de sept al 04 oct'26,2026-09-30,Programado,B- Fuera de sistemas de transporte,,Mega + Metanol,MMm³,8.2,
PS_20261001.pdf,2026-10-01,jue 01 - oct 18 hs,28 de sept al 04 oct'26,2026-09-30,Real,B- Fuera de sistemas de transporte,,Mega + Metanol,MMm³,8.2,
PS_20261001.pdf,2026-10-01,jue 01 - oct 18 hs,28 de sept al 04 oct'26,2026-09-30,Programado,B- Fuera de sistemas de transporte,,Refinor,MMm³,0.4,
PS_20261001.pdf,2026-10-01,jue 01 - oct 18 hs,28 de sept al 04 oct'26,2026-09-30,Real,B- Fuera de sistemas de transporte,,Refinor,MMm³,0.4,
PS_20261001.pdf,2026-10-01,jue 01 - oct 18 hs,28 de sept al 04 oct'26,2026-09-30,Programado,B- Fuera de sistemas de transporte,,Gas Atacama,MMm³,0.0,
PS_20261001.pdf,2026-10-01,jue 01 - oct 18 hs,28 de sept al 04 oct'26,2026-09-30,Real,B- Fuera de sistemas de transporte,,Gas Atacama,MMm³,0.0,
PS_20261001.pdf,2026-10-01,jue 01 - oct 18 hs,28 de sept al 04 oct'26,2026-09-30,Programado,B- Fuera de sistemas de transporte,,Methanex,MMm³,1.1,
PS_20261001.pdf,2026-10-01,jue 01 - oct 18 hs,28 de sept al 04 oct'26,2026-09-30,Real,B- Fuera de sistemas de transporte,,Methanex,MMm³,1.1,
PS_20261001.pdf,2026-10-01,jue 01 - oct 18 hs,28 de sept al 04 oct'26,2026-09-30,Programado,Inyecciones (TGN + TGS + ENARSA),,INYECCIONES (TGN + TGS + ENARSA),MMm³,115.9,
PS_20261001.pdf,2026-10-01,jue 01 - oct 18 hs,28 de sept al 04 oct'26,2026-09-30,Real,Inyecciones (TGN + TGS + ENARSA),,INYECCIONES (TGN + TGS + ENARSA),MMm³,111.1,
PS_20261001.pdf,2026-10-01,jue 01 - oct 18 hs,28 de sept al 04 oct'26,2026-09-30,Programado,Inyecciones (TGN + TGS + ENARSA),,PRODUCTORES - INYECCION NACIONAL,MMm³,115.9,
PS_20261001.pdf,2026-10-01,jue 01 - oct 18 hs,28 de sept al 04 oct'26,2026-09-30,Real,Inyecciones (TGN + TGS + ENARSA),,PRODUCTORES - INYECCION NACIONAL,MMm³,111.1,
PS_20261001.pdf,2026-10-01,jue 01 - oct 18 hs,28 de sept al 04 oct'26,2026-09-30,Programado,Inyecciones (TGN + TGS + ENARSA),,TGS,MMm³,66.0,
PS_20261001.pdf,2026-10-01,jue 01 - oct 18 hs,28 de sept al 04 oct'26,2026-09-30,Real,Inyecciones (TGN + TGS + ENARSA),,TGS,MMm³,64.2,
PS_20261001.pdf,2026-10-01,jue 01 - oct 18 hs,28 de sept al 04 oct'26,2026-09-30,Programado,Inyecciones (TGN + TGS + ENARSA),TGS,Sur,MMm³,24.0,
PS_20261001.pdf,2026-10-01,jue 01 - oct 18 hs,28 de sept al 04 oct'26,2026-09-30,Real,Inyecciones (TGN + TGS + ENARSA),TGS,Sur,MMm³,22.9,
PS_20261001.pdf,2026-10-01,jue 01 - oct 18 hs,28 de sept al 04 oct'26,2026-09-30,Programado,Inyecciones (TGN + TGS + ENARSA),TGS,Neuba I,MMm³,9.0,
PS_20261001.pdf,2026-10-01,jue 01 - oct 18 hs,28 de sept al 04 oct'26,2026-09-30,Real,Inyecciones (TGN + TGS + ENARSA),TGS,Neuba I,MMm³,9.0,
PS_20261001.pdf,2026-10-01,jue 01 - oct 18 hs,28 de sept al 04 oct'26,2026-09-30,Programado,Inyecciones (TGN + TGS + ENARSA),TGS,Neuba II,MMm³,33.0,
PS_20261001.pdf,2026-10-01,jue 01 - oct 18 hs,28 de sept al 04 oct'26,2026-09-30,Real,Inyecciones (TGN + TGS + ENARSA),TGS,Neuba II,MMm³,32.3,
PS_20261001.pdf,2026-10-01,jue 01 - oct 18 hs,28 de sept al 04 oct'26,2026-09-30,Programado,Inyecciones (TGN + TGS + ENARSA),TGS,Patagónico,MMm³,0.0,
PS_20261001.pdf,2026-10-01,jue 01 - oct 18 hs,28 de sept al 04 oct'26,2026-09-30,Real,Inyecciones (TGN + TGS + ENARSA),TGS,Patagónico,MMm³,0.0,
PS_20261001.pdf,2026-10-01,jue 01 - oct 18 hs,28 de sept al 04 oct'26,2026-09-30,Programado,Inyecciones (TGN + TGS + ENARSA),,TGN,MMm³,29.4,
PS_20261001.pdf,2026-10-01,jue 01 - oct 18 hs,28 de sept al 04 oct'26,2026-09-30,Real,Inyecciones (TGN + TGS + ENARSA),,TGN,MMm³,27.1,
PS_20261001.pdf,2026-10-01,jue 01 - oct 18 hs,28 de sept al 04 oct'26,2026-09-30,Programado,Inyecciones (TGN + TGS + ENARSA),TGN,Norte (incluye importación),MMm³,1.9,
PS_20261001.pdf,2026-10-01,jue 01 - oct 18 hs,28 de sept al 04 oct'26,2026-09-30,Real,Inyecciones (TGN + TGS + ENARSA),TGN,Norte (incluye importación),MMm³,1.9,
PS_20261001.pdf,2026-10-01,jue 01 - oct 18 hs,28 de sept al 04 oct'26,2026-09-30,Programado,Inyecciones (TGN + TGS + ENARSA),TGN,Neuquén,MMm³,27.5,
PS_20261001.pdf,2026-10-01,jue 01 - oct 18 hs,28 de sept al 04 oct'26,2026-09-30,Real,Inyecciones (TGN + TGS + ENARSA),TGN,Neuquén,MMm³,25.2,
PS_20261001.pdf,2026-10-01,jue 01 - oct 18 hs,28 de sept al 04 oct'26,2026-09-30,Programado,Inyecciones (TGN + TGS + ENARSA),,ENARSA,MMm³,20.5,
PS_20261001.pdf,2026-10-01,jue 01 - oct 18 hs,28 de sept al 04 oct'26,2026-09-30,Real,Inyecciones (TGN + TGS + ENARSA),,ENARSA,MMm³,19.7,
PS_20261001.pdf,2026-10-01,jue 01 - oct 18 hs,28 de sept al 04 oct'26,2026-09-30,Programado,Inyecciones (TGN + TGS + ENARSA),ENARSA,GPFM,MMm³,20.5,
PS_20261001.pdf,2026-10-01,jue 01 - oct 18 hs,28 de sept al 04 oct'26,2026-09-30,Real,Inyecciones (TGN + TGS + ENARSA),ENARSA,GPFM,MMm³,19.7,
PS_20261001.pdf,2026-10-01,jue 01 - oct 18 hs,28 de sept al 04 oct'26,2026-09-30,Programado,Otras inyecciones,,BOLIVIA,MMm³,0.0,
PS_20261001.pdf,2026-10-01,jue 01 - oct 18 hs,28 de sept al 04 oct'26,2026-09-30,Real,Otras inyecciones,,BOLIVIA,MMm³,0.0,
PS_20261001.pdf,2026-10-01,jue 01 - oct 18 hs,28 de sept al 04 oct'26,2026-09-30,Programado,Otras inyecciones,,Inyección desde Chile,MMm³,0.0,
PS_20261001.pdf,2026-10-01,jue 01 - oct 18 hs,28 de sept al 04 oct'26,2026-09-30,Real,Otras inyecciones,,Inyección desde Chile,MMm³,0.0,
PS_20261001.pdf,2026-10-01,jue 01 - oct 18 hs,28 de sept al 04 oct'26,2026-09-30,Programado,Otras inyecciones,,PEAK SHAVING,MMm³,0.0,
PS_20261001.pdf,2026-10-01,jue 01 - oct 18 hs,28 de sept al 04 oct'26,2026-09-30,Real,Otras inyecciones,,PEAK SHAVING,MMm³,0.0,
PS_20261001.pdf,2026-10-01,jue 01 - oct 18 hs,28 de sept al 04 oct'26,2026-09-30,Programado,Otras inyecciones,,INYECCIÓN BUQUE ESCOBAR,MMm³,0.0,
PS_20261001.pdf,2026-10-01,jue 01 - oct 18 hs,28 de sept al 04 oct'26,2026-09-30,Real,Otras inyecciones,,INYECCIÓN BUQUE ESCOBAR,MMm³,0.0,
PS_20261001.pdf,2026-10-01,jue 01 - oct 18 hs,28 de sept al 04 oct'26,2026-09-30,Programado,Stock (linepack),,STOCK (TGN+TGS),MMm³,375.1,312-368
PS_20261001.pdf,2026-10-01,jue 01 - oct 18 hs,28 de sept al 04 oct'26,2026-09-30,Programado,Stock (linepack),,DELTA,MMm³,-6.0,
PS_20261001.pdf,2026-10-01,jue 01 - oct 18 hs,28 de sept al 04 oct'26,2026-09-30,Real,Stock (linepack),,DELTA,MMm³,-10.1,
PS_20261001.pdf,2026-10-01,jue 01 - oct 18 hs,28 de sept al 04 oct'26,2026-09-30,Programado,Stock (linepack),,TGS,MMm³,237.85,215-235
PS_20261001.pdf,2026-10-01,jue 01 - oct 18 hs,28 de sept al 04 oct'26,2026-09-30,Programado,Stock (linepack),,TGN,MMm³,137.25,110-142
PS_20261001.pdf,2026-10-01,jue 01 - oct 18 hs,28 de sept al 04 oct'26,2026-10-01,Proyección,Temperatura,,Temperatura Media Estimada Anillo Bs.As.,°C,13.0,
PS_20261001.pdf,2026-10-01,jue 01 - oct 18 hs,28 de sept al 04 oct'26,2026-10-01,Proyección,Demanda total,,DEMANDA TOTAL,MMm³,138.1,
PS_20261001.pdf,2026-10-01,jue 01 - oct 18 hs,28 de sept al 04 oct'26,2026-10-01,Proyección,A- Dentro de sistemas de transporte,,A- DENTRO DE SISTEMAS DE TRANSPORTE,MMm³,123.0,
PS_20261001.pdf,2026-10-01,jue 01 - oct 18 hs,28 de sept al 04 oct'26,2026-10-01,Proyección,A- Dentro de sistemas de transporte,,Demanda Prioritaria (R+SGP),MMm³,47.9,
PS_20261001.pdf,2026-10-01,jue 01 - oct 18 hs,28 de sept al 04 oct'26,2026-10-01,Proyección,A- Dentro de sistemas de transporte,,Ajuste de Demanda (conforme a proyecciones del Sist. de Transporte),MMm³,0.4,
PS_20261001.pdf,2026-10-01,jue 01 - oct 18 hs,28 de sept al 04 oct'26,2026-10-01,Proyección,A- Dentro de sistemas de transporte,,Gas Combustible,MMm³,3.3,
PS_20261001.pdf,2026-10-01,jue 01 - oct 18 hs,28 de sept al 04 oct'26,2026-10-01,Proyección,A- Dentro de sistemas de transporte,,GNC,MMm³,5.6,
PS_20261001.pdf,2026-10-01,jue 01 - oct 18 hs,28 de sept al 04 oct'26,2026-10-01,Proyección,A- Dentro de sistemas de transporte,,Industria (P3+GU+Grandes C.),MMm³,36.3,
PS_20261001.pdf,2026-10-01,jue 01 - oct 18 hs,28 de sept al 04 oct'26,2026-10-01,Proyección,A- Dentro de sistemas de transporte,,Usinas dentro del Sistema de Transporte,MMm³,24.1,
PS_20261001.pdf,2026-10-01,jue 01 - oct 18 hs,28 de sept al 04 oct'26,2026-10-01,Proyección,A- Dentro de sistemas de transporte,,Exportaciones en el Sistema de Transporte TGN,MMm³,3.3,
PS_20261001.pdf,2026-10-01,jue 01 - oct 18 hs,28 de sept al 04 oct'26,2026-10-01,Proyección,A- Dentro de sistemas de transporte,,Exportaciones en el Sistema de Transporte TGS,MMm³,2.1,
PS_20261001.pdf,2026-10-01,jue 01 - oct 18 hs,28 de sept al 04 oct'26,2026-10-01,Proyección,B- Fuera de sistemas de transporte,,B- FUERA DE SISTEMAS DE TRANSPORTE,MMm³,15.1,
PS_20261001.pdf,2026-10-01,jue 01 - oct 18 hs,28 de sept al 04 oct'26,2026-10-01,Proyección,B- Fuera de sistemas de transporte,,Demanda Tierra del Fuego,MMm³,0.7,
PS_20261001.pdf,2026-10-01,jue 01 - oct 18 hs,28 de sept al 04 oct'26,2026-10-01,Proyección,B- Fuera de sistemas de transporte,,Usinas en Boca Pozo,MMm³,3.8,
PS_20261001.pdf,2026-10-01,jue 01 - oct 18 hs,28 de sept al 04 oct'26,2026-10-01,Proyección,B- Fuera de sistemas de transporte,,Gas Pacífico,MMm³,1.0,
PS_20261001.pdf,2026-10-01,jue 01 - oct 18 hs,28 de sept al 04 oct'26,2026-10-01,Proyección,B- Fuera de sistemas de transporte,,Mega + Metanol,MMm³,8.2,
PS_20261001.pdf,2026-10-01,jue 01 - oct 18 hs,28 de sept al 04 oct'26,2026-10-01,Proyección,B- Fuera de sistemas de transporte,,Refinor,MMm³,0.4,
PS_20261001.pdf,2026-10-01,jue 01 - oct 18 hs,28 de sept al 04 oct'26,2026-10-01,Proyección,B- Fuera de sistemas de transporte,,Gas Atacama,MMm³,0.0,
PS_20261001.pdf,2026-10-01,jue 01 - oct 18 hs,28 de sept al 04 oct'26,2026-10-01,Proyección,B- Fuera de sistemas de transporte,,Methanex,MMm³,1.1,
PS_20261001.pdf,2026-10-01,jue 01 - oct 18 hs,28 de sept al 04 oct'26,2026-10-01,Proyección,Inyecciones (TGN + TGS + ENARSA),,INYECCIONES (TGN + TGS + ENARSA),MMm³,118.0,
PS_20261001.pdf,2026-10-01,jue 01 - oct 18 hs,28 de sept al 04 oct'26,2026-10-01,Proyección,Inyecciones (TGN + TGS + ENARSA),,PRODUCTORES - INYECCION NACIONAL,MMm³,118.0,
PS_20261001.pdf,2026-10-01,jue 01 - oct 18 hs,28 de sept al 04 oct'26,2026-10-01,Proyección,Inyecciones (TGN + TGS + ENARSA),,TGS,MMm³,67.1,
PS_20261001.pdf,2026-10-01,jue 01 - oct 18 hs,28 de sept al 04 oct'26,2026-10-01,Proyección,Inyecciones (TGN + TGS + ENARSA),TGS,Sur,MMm³,22.7,
PS_20261001.pdf,2026-10-01,jue 01 - oct 18 hs,28 de sept al 04 oct'26,2026-10-01,Proyección,Inyecciones (TGN + TGS + ENARSA),TGS,Neuba I,MMm³,8.4,
PS_20261001.pdf,2026-10-01,jue 01 - oct 18 hs,28 de sept al 04 oct'26,2026-10-01,Proyección,Inyecciones (TGN + TGS + ENARSA),TGS,Neuba II,MMm³,36.0,
PS_20261001.pdf,2026-10-01,jue 01 - oct 18 hs,28 de sept al 04 oct'26,2026-10-01,Proyección,Inyecciones (TGN + TGS + ENARSA),TGS,Patagónico,MMm³,0.0,
PS_20261001.pdf,2026-10-01,jue 01 - oct 18 hs,28 de sept al 04 oct'26,2026-10-01,Proyección,Inyecciones (TGN + TGS + ENARSA),,TGN,MMm³,27.9,
PS_20261001.pdf,2026-10-01,jue 01 - oct 18 hs,28 de sept al 04 oct'26,2026-10-01,Proyección,Inyecciones (TGN + TGS + ENARSA),TGN,Norte (incluye importación),MMm³,1.9,
PS_20261001.pdf,2026-10-01,jue 01 - oct 18 hs,28 de sept al 04 oct'26,2026-10-01,Proyección,Inyecciones (TGN + TGS + ENARSA),TGN,Neuquén,MMm³,26.0,
PS_20261001.pdf,2026-10-01,jue 01 - oct 18 hs,28 de sept al 04 oct'26,2026-10-01,Proyección,Inyecciones (TGN + TGS + ENARSA),,ENARSA,MMm³,23.0,
PS_20261001.pdf,2026-10-01,jue 01 - oct 18 hs,28 de sept al 04 oct'26,2026-10-01,Proyección,Inyecciones (TGN + TGS + ENARSA),ENARSA,GPFM,MMm³,23.0,
PS_20261001.pdf,2026-10-01,jue 01 - oct 18 hs,28 de sept al 04 oct'26,2026-10-01,Proyección,Otras inyecciones,,BOLIVIA,MMm³,0.0,
PS_20261001.pdf,2026-10-01,jue 01 - oct 18 hs,28 de sept al 04 oct'26,2026-10-01,Proyección,Otras inyecciones,,Inyección desde Chile,MMm³,0.0,
PS_20261001.pdf,2026-10-01,jue 01 - oct 18 hs,28 de sept al 04 oct'26,2026-10-01,Proyección,Otras inyecciones,,PEAK SHAVING,MMm³,0.0,
PS_20261001.pdf,2026-10-01,jue 01 - oct 18 hs,28 de sept al 04 oct'26,2026-10-01,Proyección,Otras inyecciones,,INYECCIÓN BUQUE ESCOBAR,MMm³,0.0,
PS_20261001.pdf,2026-10-01,jue 01 - oct 18 hs,28 de sept al 04 oct'26,2026-10-01,Proyección,Stock (linepack),,STOCK (TGN+TGS),MMm³,365.0,312-368
PS_20261001.pdf,2026-10-01,jue 01 - oct 18 hs,28 de sept al 04 oct'26,2026-10-01,Proyección,Stock (linepack),,DELTA,MMm³,-5.0,
PS_20261001.pdf,2026-10-01,jue 01 - oct 18 hs,28 de sept al 04 oct'26,2026-10-01,Proyección,Stock (linepack),,TGS,MMm³,228.12,215-235
PS_20261001.pdf,2026-10-01,jue 01 - oct 18 hs,28 de sept al 04 oct'26,2026-10-01,Proyección,Stock (linepack),,TGN,MMm³,136.92,110-142
PS_20261001.pdf,2026-10-01,jue 01 - oct 18 hs,28 de sept al 04 oct'26,2026-10-01,Proyección,Stock (linepack),,TRAMOS INICIALES,MMm³,264.68,218-254
PS_20261001.pdf,2026-10-01,jue 01 - oct 18 hs,28 de sept al 04 oct'26,2026-10-01,Proyección,Stock (linepack),,TRAMOS FINALES,MMm³,100.36,85-101
PS_20261001.pdf,2026-10-01,jue 01 - oct 18 hs,28 de sept al 04 oct'26,2026-10-01,Proyección,Stock (linepack),TRAMOS FINALES,TGS,MMm³,83.86,
PS_20261001.pdf,2026-10-01,jue 01 - oct 18 hs,28 de sept al 04 oct'26,2026-10-01,Proyección,Stock (linepack),TRAMOS FINALES,TGN,MMm³,16.5,
PS_20261001.pdf,2026-10-01,jue 01 - oct 18 hs,28 de sept al 04 oct'26,2026-10-01,Proyección,Saldos,,BUQUE REGASIFICADOR (ESC),MMm³,58.4,
PS_20261001.pdf,2026-10-01,jue 01 - oct 18 hs,28 de sept al 04 oct'26,2026-10-01,Proyección,Saldos,,RESERVA GASBAN,MMm³,8.24,
PS_20261001.pdf,2026-10-01,jue 01 - oct 18 hs,28 de sept al 04 oct'26,2026-10-02,Proyección,Temperatura,,Temperatura Media Estimada Anillo Bs.As.,°C,16.0,
PS_20261001.pdf,2026-10-01,jue 01 - oct 18 hs,28 de sept al 04 oct'26,2026-10-02,Proyección,Demanda total,,DEMANDA TOTAL,MMm³,128.6,
PS_20261001.pdf,2026-10-01,jue 01 - oct 18 hs,28 de sept al 04 oct'26,2026-10-02,Proyección,A- Dentro de sistemas de transporte,,A- DENTRO DE SISTEMAS DE TRANSPORTE,MMm³,113.3,
PS_20261001.pdf,2026-10-01,jue 01 - oct 18 hs,28 de sept al 04 oct'26,2026-10-02,Proyección,A- Dentro de sistemas de transporte,,Demanda Prioritaria (R+SGP),MMm³,45.2,
PS_20261001.pdf,2026-10-01,jue 01 - oct 18 hs,28 de sept al 04 oct'26,2026-10-02,Proyección,A- Dentro de sistemas de transporte,,Ajuste de Demanda (conforme a proyecciones del Sist. de Transporte),MMm³,0.8,
PS_20261001.pdf,2026-10-01,jue 01 - oct 18 hs,28 de sept al 04 oct'26,2026-10-02,Proyección,A- Dentro de sistemas de transporte,,Gas Combustible,MMm³,3.5,
PS_20261001.pdf,2026-10-01,jue 01 - oct 18 hs,28 de sept al 04 oct'26,2026-10-02,Proyección,A- Dentro de sistemas de transporte,,GNC,MMm³,6.0,
PS_20261001.pdf,2026-10-01,jue 01 - oct 18 hs,28 de sept al 04 oct'26,2026-10-02,Proyección,A- Dentro de sistemas de transporte,,Industria (P3+GU+Grandes C.),MMm³,36.4,
PS_20261001.pdf,2026-10-01,jue 01 - oct 18 hs,28 de sept al 04 oct'26,2026-10-02,Proyección,A- Dentro de sistemas de transporte,,Usinas dentro del Sistema de Transporte,MMm³,17.2,
PS_20261001.pdf,2026-10-01,jue 01 - oct 18 hs,28 de sept al 04 oct'26,2026-10-02,Proyección,A- Dentro de sistemas de transporte,,Exportaciones en el Sistema de Transporte TGN,MMm³,2.0,
PS_20261001.pdf,2026-10-01,jue 01 - oct 18 hs,28 de sept al 04 oct'26,2026-10-02,Proyección,A- Dentro de sistemas de transporte,,Exportaciones en el Sistema de Transporte TGS,MMm³,2.1,
PS_20261001.pdf,2026-10-01,jue 01 - oct 18 hs,28 de sept al 04 oct'26,2026-10-02,Proyección,B- Fuera de sistemas de transporte,,B- FUERA DE SISTEMAS DE TRANSPORTE,MMm³,15.4,
PS_20261001.pdf,2026-10-01,jue 01 - oct 18 hs,28 de sept al 04 oct'26,2026-10-02,Proyección,B- Fuera de sistemas de transporte,,Demanda Tierra del Fuego,MMm³,0.7,
PS_20261001.pdf,2026-10-01,jue 01 - oct 18 hs,28 de sept al 04 oct'26,2026-10-02,Proyección,B- Fuera de sistemas de transporte,,Usinas en Boca Pozo,MMm³,4.0,
PS_20261001.pdf,2026-10-01,jue 01 - oct 18 hs,28 de sept al 04 oct'26,2026-10-02,Proyección,B- Fuera de sistemas de transporte,,Gas Pacífico,MMm³,1.0,
PS_20261001.pdf,2026-10-01,jue 01 - oct 18 hs,28 de sept al 04 oct'26,2026-10-02,Proyección,B- Fuera de sistemas de transporte,,Mega + Metanol,MMm³,8.2,
PS_20261001.pdf,2026-10-01,jue 01 - oct 18 hs,28 de sept al 04 oct'26,2026-10-02,Proyección,B- Fuera de sistemas de transporte,,Refinor,MMm³,0.4,
PS_20261001.pdf,2026-10-01,jue 01 - oct 18 hs,28 de sept al 04 oct'26,2026-10-02,Proyección,B- Fuera de sistemas de transporte,,Gas Atacama,MMm³,0.0,
PS_20261001.pdf,2026-10-01,jue 01 - oct 18 hs,28 de sept al 04 oct'26,2026-10-02,Proyección,B- Fuera de sistemas de transporte,,Methanex,MMm³,1.1,
PS_20261001.pdf,2026-10-01,jue 01 - oct 18 hs,28 de sept al 04 oct'26,2026-10-02,Proyección,Inyecciones (TGN + TGS + ENARSA),,INYECCIONES (TGN + TGS + ENARSA),MMm³,117.6,
PS_20261001.pdf,2026-10-01,jue 01 - oct 18 hs,28 de sept al 04 oct'26,2026-10-02,Proyección,Inyecciones (TGN + TGS + ENARSA),,PRODUCTORES - INYECCION NACIONAL,MMm³,117.6,
PS_20261001.pdf,2026-10-01,jue 01 - oct 18 hs,28 de sept al 04 oct'26,2026-10-02,Proyección,Inyecciones (TGN + TGS + ENARSA),,TGS,MMm³,67.7,
PS_20261001.pdf,2026-10-01,jue 01 - oct 18 hs,28 de sept al 04 oct'26,2026-10-02,Proyección,Inyecciones (TGN + TGS + ENARSA),TGS,Sur,MMm³,22.0,
PS_20261001.pdf,2026-10-01,jue 01 - oct 18 hs,28 de sept al 04 oct'26,2026-10-02,Proyección,Inyecciones (TGN + TGS + ENARSA),TGS,Neuba I,MMm³,9.7,
PS_20261001.pdf,2026-10-01,jue 01 - oct 18 hs,28 de sept al 04 oct'26,2026-10-02,Proyección,Inyecciones (TGN + TGS + ENARSA),TGS,Neuba II,MMm³,36.0,
PS_20261001.pdf,2026-10-01,jue 01 - oct 18 hs,28 de sept al 04 oct'26,2026-10-02,Proyección,Inyecciones (TGN + TGS + ENARSA),TGS,Patagónico,MMm³,0.0,
PS_20261001.pdf,2026-10-01,jue 01 - oct 18 hs,28 de sept al 04 oct'26,2026-10-02,Proyección,Inyecciones (TGN + TGS + ENARSA),,TGN,MMm³,27.9,
PS_20261001.pdf,2026-10-01,jue 01 - oct 18 hs,28 de sept al 04 oct'26,2026-10-02,Proyección,Inyecciones (TGN + TGS + ENARSA),TGN,Norte (incluye importación),MMm³,1.9,
PS_20261001.pdf,2026-10-01,jue 01 - oct 18 hs,28 de sept al 04 oct'26,2026-10-02,Proyección,Inyecciones (TGN + TGS + ENARSA),TGN,Neuquén,MMm³,26.0,
PS_20261001.pdf,2026-10-01,jue 01 - oct 18 hs,28 de sept al 04 oct'26,2026-10-02,Proyección,Inyecciones (TGN + TGS + ENARSA),,ENARSA,MMm³,22.0,
PS_20261001.pdf,2026-10-01,jue 01 - oct 18 hs,28 de sept al 04 oct'26,2026-10-02,Proyección,Inyecciones (TGN + TGS + ENARSA),ENARSA,GPFM,MMm³,22.0,
PS_20261001.pdf,2026-10-01,jue 01 - oct 18 hs,28 de sept al 04 oct'26,2026-10-02,Proyección,Otras inyecciones,,BOLIVIA,MMm³,0.0,
PS_20261001.pdf,2026-10-01,jue 01 - oct 18 hs,28 de sept al 04 oct'26,2026-10-02,Proyección,Otras inyecciones,,Inyección desde Chile,MMm³,0.0,
PS_20261001.pdf,2026-10-01,jue 01 - oct 18 hs,28 de sept al 04 oct'26,2026-10-02,Proyección,Otras inyecciones,,PEAK SHAVING,MMm³,0.0,
PS_20261001.pdf,2026-10-01,jue 01 - oct 18 hs,28 de sept al 04 oct'26,2026-10-02,Proyección,Otras inyecciones,,INYECCIÓN BUQUE ESCOBAR,MMm³,0.0,
PS_20261001.pdf,2026-10-01,jue 01 - oct 18 hs,28 de sept al 04 oct'26,2026-10-02,Proyección,Stock (linepack),,STOCK (TGN+TGS),MMm³,360.1,312-368
PS_20261001.pdf,2026-10-01,jue 01 - oct 18 hs,28 de sept al 04 oct'26,2026-10-02,Proyección,Stock (linepack),,DELTA,MMm³,4.3,
PS_20261001.pdf,2026-10-01,jue 01 - oct 18 hs,28 de sept al 04 oct'26,2026-10-02,Proyección,Stock (linepack),,TGS,MMm³,224.14,215-235
PS_20261001.pdf,2026-10-01,jue 01 - oct 18 hs,28 de sept al 04 oct'26,2026-10-02,Proyección,Stock (linepack),,TGN,MMm³,135.91,110-142
PS_20261001.pdf,2026-10-01,jue 01 - oct 18 hs,28 de sept al 04 oct'26,2026-10-02,Proyección,Stock (linepack),,TRAMOS INICIALES,MMm³,262.05,218-254
PS_20261001.pdf,2026-10-01,jue 01 - oct 18 hs,28 de sept al 04 oct'26,2026-10-02,Proyección,Stock (linepack),,TRAMOS FINALES,MMm³,98.0,85-101
PS_20261001.pdf,2026-10-01,jue 01 - oct 18 hs,28 de sept al 04 oct'26,2026-10-02,Proyección,Stock (linepack),TRAMOS FINALES,TGS,MMm³,82.09,
PS_20261001.pdf,2026-10-01,jue 01 - oct 18 hs,28 de sept al 04 oct'26,2026-10-02,Proyección,Stock (linepack),TRAMOS FINALES,TGN,MMm³,15.91,
PS_20261001.pdf,2026-10-01,jue 01 - oct 18 hs,28 de sept al 04 oct'26,2026-10-02,Proyección,Saldos,,BUQUE REGASIFICADOR (ESC),MMm³,58.27,
PS_20261001.pdf,2026-10-01,jue 01 - oct 18 hs,28 de sept al 04 oct'26,2026-10-02,Proyección,Saldos,,RESERVA GASBAN,MMm³,8.24,
PS_20261001.pdf,2026-10-01,jue 01 - oct 18 hs,28 de sept al 04 oct'26,2026-10-03,Proyección,Temperatura,,Temperatura Media Estimada Anillo Bs.As.,°C,15.0,
PS_20261001.pdf,2026-10-01,jue 01 - oct 18 hs,28 de sept al 04 oct'26,2026-10-03,Proyección,Demanda total,,DEMANDA TOTAL,MMm³,122.6,
PS_20261001.pdf,2026-10-01,jue 01 - oct 18 hs,28 de sept al 04 oct'26,2026-10-03,Proyección,A- Dentro de sistemas de transporte,,A- DENTRO DE SISTEMAS DE TRANSPORTE,MMm³,107.6,
PS_20261001.pdf,2026-10-01,jue 01 - oct 18 hs,28 de sept al 04 oct'26,2026-10-03,Proyección,A- Dentro de sistemas de transporte,,Demanda Prioritaria (R+SGP),MMm³,39.3,
PS_20261001.pdf,2026-10-01,jue 01 - oct 18 hs,28 de sept al 04 oct'26,2026-10-03,Proyección,A- Dentro de sistemas de transporte,,Ajuste de Demanda (conforme a proyecciones del Sist. de Transporte),MMm³,0.9,
PS_20261001.pdf,2026-10-01,jue 01 - oct 18 hs,28 de sept al 04 oct'26,2026-10-03,Proyección,A- Dentro de sistemas de transporte,,Gas Combustible,MMm³,3.5,
PS_20261001.pdf,2026-10-01,jue 01 - oct 18 hs,28 de sept al 04 oct'26,2026-10-03,Proyección,A- Dentro de sistemas de transporte,,GNC,MMm³,5.8,
PS_20261001.pdf,2026-10-01,jue 01 - oct 18 hs,28 de sept al 04 oct'26,2026-10-03,Proyección,A- Dentro de sistemas de transporte,,Industria (P3+GU+Grandes C.),MMm³,35.3,
PS_20261001.pdf,2026-10-01,jue 01 - oct 18 hs,28 de sept al 04 oct'26,2026-10-03,Proyección,A- Dentro de sistemas de transporte,,Usinas dentro del Sistema de Transporte,MMm³,18.6,
PS_20261001.pdf,2026-10-01,jue 01 - oct 18 hs,28 de sept al 04 oct'26,2026-10-03,Proyección,A- Dentro de sistemas de transporte,,Exportaciones en el Sistema de Transporte TGN,MMm³,2.0,
PS_20261001.pdf,2026-10-01,jue 01 - oct 18 hs,28 de sept al 04 oct'26,2026-10-03,Proyección,A- Dentro de sistemas de transporte,,Exportaciones en el Sistema de Transporte TGS,MMm³,2.1,
PS_20261001.pdf,2026-10-01,jue 01 - oct 18 hs,28 de sept al 04 oct'26,2026-10-03,Proyección,B- Fuera de sistemas de transporte,,B- FUERA DE SISTEMAS DE TRANSPORTE,MMm³,15.1,
PS_20261001.pdf,2026-10-01,jue 01 - oct 18 hs,28 de sept al 04 oct'26,2026-10-03,Proyección,B- Fuera de sistemas de transporte,,Demanda Tierra del Fuego,MMm³,0.7,
PS_20261001.pdf,2026-10-01,jue 01 - oct 18 hs,28 de sept al 04 oct'26,2026-10-03,Proyección,B- Fuera de sistemas de transporte,,Usinas en Boca Pozo,MMm³,3.7,
PS_20261001.pdf,2026-10-01,jue 01 - oct 18 hs,28 de sept al 04 oct'26,2026-10-03,Proyección,B- Fuera de sistemas de transporte,,Gas Pacífico,MMm³,1.0,
PS_20261001.pdf,2026-10-01,jue 01 - oct 18 hs,28 de sept al 04 oct'26,2026-10-03,Proyección,B- Fuera de sistemas de transporte,,Mega + Metanol,MMm³,8.2,
PS_20261001.pdf,2026-10-01,jue 01 - oct 18 hs,28 de sept al 04 oct'26,2026-10-03,Proyección,B- Fuera de sistemas de transporte,,Refinor,MMm³,0.4,
PS_20261001.pdf,2026-10-01,jue 01 - oct 18 hs,28 de sept al 04 oct'26,2026-10-03,Proyección,B- Fuera de sistemas de transporte,,Gas Atacama,MMm³,0.0,
PS_20261001.pdf,2026-10-01,jue 01 - oct 18 hs,28 de sept al 04 oct'26,2026-10-03,Proyección,B- Fuera de sistemas de transporte,,Methanex,MMm³,1.1,
PS_20261001.pdf,2026-10-01,jue 01 - oct 18 hs,28 de sept al 04 oct'26,2026-10-03,Proyección,Inyecciones (TGN + TGS + ENARSA),,INYECCIONES (TGN + TGS + ENARSA),MMm³,113.6,
PS_20261001.pdf,2026-10-01,jue 01 - oct 18 hs,28 de sept al 04 oct'26,2026-10-03,Proyección,Inyecciones (TGN + TGS + ENARSA),,PRODUCTORES - INYECCION NACIONAL,MMm³,113.6,
PS_20261001.pdf,2026-10-01,jue 01 - oct 18 hs,28 de sept al 04 oct'26,2026-10-03,Proyección,Inyecciones (TGN + TGS + ENARSA),,TGS,MMm³,67.7,
PS_20261001.pdf,2026-10-01,jue 01 - oct 18 hs,28 de sept al 04 oct'26,2026-10-03,Proyección,Inyecciones (TGN + TGS + ENARSA),TGS,Sur,MMm³,22.0,
PS_20261001.pdf,2026-10-01,jue 01 - oct 18 hs,28 de sept al 04 oct'26,2026-10-03,Proyección,Inyecciones (TGN + TGS + ENARSA),TGS,Neuba I,MMm³,9.7,
PS_20261001.pdf,2026-10-01,jue 01 - oct 18 hs,28 de sept al 04 oct'26,2026-10-03,Proyección,Inyecciones (TGN + TGS + ENARSA),TGS,Neuba II,MMm³,36.0,
PS_20261001.pdf,2026-10-01,jue 01 - oct 18 hs,28 de sept al 04 oct'26,2026-10-03,Proyección,Inyecciones (TGN + TGS + ENARSA),TGS,Patagónico,MMm³,0.0,
PS_20261001.pdf,2026-10-01,jue 01 - oct 18 hs,28 de sept al 04 oct'26,2026-10-03,Proyección,Inyecciones (TGN + TGS + ENARSA),,TGN,MMm³,27.9,
PS_20261001.pdf,2026-10-01,jue 01 - oct 18 hs,28 de sept al 04 oct'26,2026-10-03,Proyección,Inyecciones (TGN + TGS + ENARSA),TGN,Norte (incluye importación),MMm³,1.9,
PS_20261001.pdf,2026-10-01,jue 01 - oct 18 hs,28 de sept al 04 oct'26,2026-10-03,Proyección,Inyecciones (TGN + TGS + ENARSA),TGN,Neuquén,MMm³,26.0,
PS_20261001.pdf,2026-10-01,jue 01 - oct 18 hs,28 de sept al 04 oct'26,2026-10-03,Proyección,Inyecciones (TGN + TGS + ENARSA),,ENARSA,MMm³,18.0,
PS_20261001.pdf,2026-10-01,jue 01 - oct 18 hs,28 de sept al 04 oct'26,2026-10-03,Proyección,Inyecciones (TGN + TGS + ENARSA),ENARSA,GPFM,MMm³,18.0,
PS_20261001.pdf,2026-10-01,jue 01 - oct 18 hs,28 de sept al 04 oct'26,2026-10-03,Proyección,Otras inyecciones,,BOLIVIA,MMm³,0.0,
PS_20261001.pdf,2026-10-01,jue 01 - oct 18 hs,28 de sept al 04 oct'26,2026-10-03,Proyección,Otras inyecciones,,Inyección desde Chile,MMm³,0.0,
PS_20261001.pdf,2026-10-01,jue 01 - oct 18 hs,28 de sept al 04 oct'26,2026-10-03,Proyección,Otras inyecciones,,PEAK SHAVING,MMm³,0.0,
PS_20261001.pdf,2026-10-01,jue 01 - oct 18 hs,28 de sept al 04 oct'26,2026-10-03,Proyección,Otras inyecciones,,INYECCIÓN BUQUE ESCOBAR,MMm³,0.0,
PS_20261001.pdf,2026-10-01,jue 01 - oct 18 hs,28 de sept al 04 oct'26,2026-10-03,Proyección,Stock (linepack),,STOCK (TGN+TGS),MMm³,364.4,312-368
PS_20261001.pdf,2026-10-01,jue 01 - oct 18 hs,28 de sept al 04 oct'26,2026-10-03,Proyección,Stock (linepack),,DELTA,MMm³,6.0,
PS_20261001.pdf,2026-10-01,jue 01 - oct 18 hs,28 de sept al 04 oct'26,2026-10-03,Proyección,Stock (linepack),,TGS,MMm³,227.59,215-235
PS_20261001.pdf,2026-10-01,jue 01 - oct 18 hs,28 de sept al 04 oct'26,2026-10-03,Proyección,Stock (linepack),,TGN,MMm³,136.78,110-142
PS_20261001.pdf,2026-10-01,jue 01 - oct 18 hs,28 de sept al 04 oct'26,2026-10-03,Proyección,Stock (linepack),,TRAMOS INICIALES,MMm³,263.78,218-254
PS_20261001.pdf,2026-10-01,jue 01 - oct 18 hs,28 de sept al 04 oct'26,2026-10-03,Proyección,Stock (linepack),,TRAMOS FINALES,MMm³,100.58,85-101
PS_20261001.pdf,2026-10-01,jue 01 - oct 18 hs,28 de sept al 04 oct'26,2026-10-03,Proyección,Stock (linepack),TRAMOS FINALES,TGS,MMm³,85.14,
PS_20261001.pdf,2026-10-01,jue 01 - oct 18 hs,28 de sept al 04 oct'26,2026-10-03,Proyección,Stock (linepack),TRAMOS FINALES,TGN,MMm³,15.44,
PS_20261001.pdf,2026-10-01,jue 01 - oct 18 hs,28 de sept al 04 oct'26,2026-10-03,Proyección,Saldos,,BUQUE REGASIFICADOR (ESC),MMm³,58.14,
PS_20261001.pdf,2026-10-01,jue 01 - oct 18 hs,28 de sept al 04 oct'26,2026-10-03,Proyección,Saldos,,RESERVA GASBAN,MMm³,8.24,
PS_20261001.pdf,2026-10-01,jue 01 - oct 18 hs,28 de sept al 04 oct'26,2026-10-04,Proyección,Temperatura,,Temperatura Media Estimada Anillo Bs.As.,°C,13.5,
PS_20261001.pdf,2026-10-01,jue 01 - oct 18 hs,28 de sept al 04 oct'26,2026-10-04,Proyección,Demanda total,,DEMANDA TOTAL,MMm³,116.9,
PS_20261001.pdf,2026-10-01,jue 01 - oct 18 hs,28 de sept al 04 oct'26,2026-10-04,Proyección,A- Dentro de sistemas de transporte,,A- DENTRO DE SISTEMAS DE TRANSPORTE,MMm³,101.8,
PS_20261001.pdf,2026-10-01,jue 01 - oct 18 hs,28 de sept al 04 oct'26,2026-10-04,Proyección,A- Dentro de sistemas de transporte,,Demanda Prioritaria (R+SGP),MMm³,36.2,
PS_20261001.pdf,2026-10-01,jue 01 - oct 18 hs,28 de sept al 04 oct'26,2026-10-04,Proyección,A- Dentro de sistemas de transporte,,Ajuste de Demanda (conforme a proyecciones del Sist. de Transporte),MMm³,0.7,
PS_20261001.pdf,2026-10-01,jue 01 - oct 18 hs,28 de sept al 04 oct'26,2026-10-04,Proyección,A- Dentro de sistemas de transporte,,Gas Combustible,MMm³,3.5,
PS_20261001.pdf,2026-10-01,jue 01 - oct 18 hs,28 de sept al 04 oct'26,2026-10-04,Proyección,A- Dentro de sistemas de transporte,,GNC,MMm³,5.2,
PS_20261001.pdf,2026-10-01,jue 01 - oct 18 hs,28 de sept al 04 oct'26,2026-10-04,Proyección,A- Dentro de sistemas de transporte,,Industria (P3+GU+Grandes C.),MMm³,34.8,
PS_20261001.pdf,2026-10-01,jue 01 - oct 18 hs,28 de sept al 04 oct'26,2026-10-04,Proyección,A- Dentro de sistemas de transporte,,Usinas dentro del Sistema de Transporte,MMm³,17.3,
PS_20261001.pdf,2026-10-01,jue 01 - oct 18 hs,28 de sept al 04 oct'26,2026-10-04,Proyección,A- Dentro de sistemas de transporte,,Exportaciones en el Sistema de Transporte TGN,MMm³,2.0,
PS_20261001.pdf,2026-10-01,jue 01 - oct 18 hs,28 de sept al 04 oct'26,2026-10-04,Proyección,A- Dentro de sistemas de transporte,,Exportaciones en el Sistema de Transporte TGS,MMm³,2.1,
PS_20261001.pdf,2026-10-01,jue 01 - oct 18 hs,28 de sept al 04 oct'26,2026-10-04,Proyección,B- Fuera de sistemas de transporte,,B- FUERA DE SISTEMAS DE TRANSPORTE,MMm³,15.0,
PS_20261001.pdf,2026-10-01,jue 01 - oct 18 hs,28 de sept al 04 oct'26,2026-10-04,Proyección,B- Fuera de sistemas de transporte,,Demanda Tierra del Fuego,MMm³,0.7,
PS_20261001.pdf,2026-10-01,jue 01 - oct 18 hs,28 de sept al 04 oct'26,2026-10-04,Proyección,B- Fuera de sistemas de transporte,,Usinas en Boca Pozo,MMm³,3.7,
PS_20261001.pdf,2026-10-01,jue 01 - oct 18 hs,28 de sept al 04 oct'26,2026-10-04,Proyección,B- Fuera de sistemas de transporte,,Gas Pacífico,MMm³,1.0,
PS_20261001.pdf,2026-10-01,jue 01 - oct 18 hs,28 de sept al 04 oct'26,2026-10-04,Proyección,B- Fuera de sistemas de transporte,,Mega + Metanol,MMm³,8.2,
PS_20261001.pdf,2026-10-01,jue 01 - oct 18 hs,28 de sept al 04 oct'26,2026-10-04,Proyección,B- Fuera de sistemas de transporte,,Refinor,MMm³,0.4,
PS_20261001.pdf,2026-10-01,jue 01 - oct 18 hs,28 de sept al 04 oct'26,2026-10-04,Proyección,B- Fuera de sistemas de transporte,,Gas Atacama,MMm³,0.0,
PS_20261001.pdf,2026-10-01,jue 01 - oct 18 hs,28 de sept al 04 oct'26,2026-10-04,Proyección,B- Fuera de sistemas de transporte,,Methanex,MMm³,1.1,
PS_20261001.pdf,2026-10-01,jue 01 - oct 18 hs,28 de sept al 04 oct'26,2026-10-04,Proyección,Inyecciones (TGN + TGS + ENARSA),,INYECCIONES (TGN + TGS + ENARSA),MMm³,113.6,
PS_20261001.pdf,2026-10-01,jue 01 - oct 18 hs,28 de sept al 04 oct'26,2026-10-04,Proyección,Inyecciones (TGN + TGS + ENARSA),,PRODUCTORES - INYECCION NACIONAL,MMm³,113.6,
PS_20261001.pdf,2026-10-01,jue 01 - oct 18 hs,28 de sept al 04 oct'26,2026-10-04,Proyección,Inyecciones (TGN + TGS + ENARSA),,TGS,MMm³,67.7,
PS_20261001.pdf,2026-10-01,jue 01 - oct 18 hs,28 de sept al 04 oct'26,2026-10-04,Proyección,Inyecciones (TGN + TGS + ENARSA),TGS,Sur,MMm³,22.0,
PS_20261001.pdf,2026-10-01,jue 01 - oct 18 hs,28 de sept al 04 oct'26,2026-10-04,Proyección,Inyecciones (TGN + TGS + ENARSA),TGS,Neuba I,MMm³,9.7,
PS_20261001.pdf,2026-10-01,jue 01 - oct 18 hs,28 de sept al 04 oct'26,2026-10-04,Proyección,Inyecciones (TGN + TGS + ENARSA),TGS,Neuba II,MMm³,36.0,
PS_20261001.pdf,2026-10-01,jue 01 - oct 18 hs,28 de sept al 04 oct'26,2026-10-04,Proyección,Inyecciones (TGN + TGS + ENARSA),TGS,Patagónico,MMm³,0.0,
PS_20261001.pdf,2026-10-01,jue 01 - oct 18 hs,28 de sept al 04 oct'26,2026-10-04,Proyección,Inyecciones (TGN + TGS + ENARSA),,TGN,MMm³,27.9,
PS_20261001.pdf,2026-10-01,jue 01 - oct 18 hs,28 de sept al 04 oct'26,2026-10-04,Proyección,Inyecciones (TGN + TGS + ENARSA),TGN,Norte (incluye importación),MMm³,1.9,
PS_20261001.pdf,2026-10-01,jue 01 - oct 18 hs,28 de sept al 04 oct'26,2026-10-04,Proyección,Inyecciones (TGN + TGS + ENARSA),TGN,Neuquén,MMm³,26.0,
PS_20261001.pdf,2026-10-01,jue 01 - oct 18 hs,28 de sept al 04 oct'26,2026-10-04,Proyección,Inyecciones (TGN + TGS + ENARSA),,ENARSA,MMm³,18.0,
PS_20261001.pdf,2026-10-01,jue 01 - oct 18 hs,28 de sept al 04 oct'26,2026-10-04,Proyección,Inyecciones (TGN + TGS + ENARSA),ENARSA,GPFM,MMm³,18.0,
PS_20261001.pdf,2026-10-01,jue 01 - oct 18 hs,28 de sept al 04 oct'26,2026-10-04,Proyección,Otras inyecciones,,BOLIVIA,MMm³,0.0,
PS_20261001.pdf,2026-10-01,jue 01 - oct 18 hs,28 de sept al 04 oct'26,2026-10-04,Proyección,Otras inyecciones,,Inyección desde Chile,MMm³,0.0,
PS_20261001.pdf,2026-10-01,jue 01 - oct 18 hs,28 de sept al 04 oct'26,2026-10-04,Proyección,Otras inyecciones,,PEAK SHAVING,MMm³,0.0,
PS_20261001.pdf,2026-10-01,jue 01 - oct 18 hs,28 de sept al 04 oct'26,2026-10-04,Proyección,Otras inyecciones,,INYECCIÓN BUQUE ESCOBAR,MMm³,0.0,
PS_20261001.pdf,2026-10-01,jue 01 - oct 18 hs,28 de sept al 04 oct'26,2026-10-04,Proyección,Stock (linepack),,STOCK (TGN+TGS),MMm³,370.4,312-368
PS_20261001.pdf,2026-10-01,jue 01 - oct 18 hs,28 de sept al 04 oct'26,2026-10-04,Proyección,Stock (linepack),,DELTA,MMm³,11.8,
PS_20261001.pdf,2026-10-01,jue 01 - oct 18 hs,28 de sept al 04 oct'26,2026-10-04,Proyección,Stock (linepack),,TGS,MMm³,231.5,215-235
PS_20261001.pdf,2026-10-01,jue 01 - oct 18 hs,28 de sept al 04 oct'26,2026-10-04,Proyección,Stock (linepack),,TGN,MMm³,138.88,110-142
PS_20261001.pdf,2026-10-01,jue 01 - oct 18 hs,28 de sept al 04 oct'26,2026-10-04,Proyección,Stock (linepack),,TRAMOS INICIALES,MMm³,271.36,218-254
PS_20261001.pdf,2026-10-01,jue 01 - oct 18 hs,28 de sept al 04 oct'26,2026-10-04,Proyección,Stock (linepack),,TRAMOS FINALES,MMm³,99.02,85-101
PS_20261001.pdf,2026-10-01,jue 01 - oct 18 hs,28 de sept al 04 oct'26,2026-10-04,Proyección,Stock (linepack),TRAMOS FINALES,TGS,MMm³,83.37,
PS_20261001.pdf,2026-10-01,jue 01 - oct 18 hs,28 de sept al 04 oct'26,2026-10-04,Proyección,Stock (linepack),TRAMOS FINALES,TGN,MMm³,15.65,
PS_20261001.pdf,2026-10-01,jue 01 - oct 18 hs,28 de sept al 04 oct'26,2026-10-04,Proyección,Saldos,,BUQUE REGASIFICADOR (ESC),MMm³,58.01,
PS_20261001.pdf,2026-10-01,jue 01 - oct 18 hs,28 de sept al 04 oct'26,2026-10-04,Proyección,Saldos,,RESERVA GASBAN,MMm³,8.24,
PS_20261002.pdf,2026-10-02,vie 02 - oct 18 hs,28 de sept al 04 oct'26,2026-10-01,Programado,Temperatura,,Temperatura Media Estimada Anillo Bs.As.,°C,13.0,
PS_20261002.pdf,2026-10-02,vie 02 - oct 18 hs,28 de sept al 04 oct'26,2026-10-01,Real,Temperatura,,Temperatura Media Estimada Anillo Bs.As.,°C,14.3,
PS_20261002.pdf,2026-10-02,vie 02 - oct 18 hs,28 de sept al 04 oct'26,2026-10-01,Programado,Demanda total,,DEMANDA TOTAL,MMm³,138.1,
PS_20261002.pdf,2026-10-02,vie 02 - oct 18 hs,28 de sept al 04 oct'26,2026-10-01,Real,Demanda total,,DEMANDA TOTAL,MMm³,141.5,
PS_20261002.pdf,2026-10-02,vie 02 - oct 18 hs,28 de sept al 04 oct'26,2026-10-01,Programado,A- Dentro de sistemas de transporte,,A- DENTRO DE SISTEMAS DE TRANSPORTE,MMm³,123.0,
PS_20261002.pdf,2026-10-02,vie 02 - oct 18 hs,28 de sept al 04 oct'26,2026-10-01,Real,A- Dentro de sistemas de transporte,,A- DENTRO DE SISTEMAS DE TRANSPORTE,MMm³,127.0,
PS_20261002.pdf,2026-10-02,vie 02 - oct 18 hs,28 de sept al 04 oct'26,2026-10-01,Programado,A- Dentro de sistemas de transporte,,Demanda Prioritaria (R+SGP),MMm³,47.9,
PS_20261002.pdf,2026-10-02,vie 02 - oct 18 hs,28 de sept al 04 oct'26,2026-10-01,Real,A- Dentro de sistemas de transporte,,Demanda Prioritaria (R+SGP),MMm³,51.3,
PS_20261002.pdf,2026-10-02,vie 02 - oct 18 hs,28 de sept al 04 oct'26,2026-10-01,Programado,A- Dentro de sistemas de transporte,,Ajuste de Demanda (conforme a proyecciones del Sist. de Transporte),MMm³,0.4,
PS_20261002.pdf,2026-10-02,vie 02 - oct 18 hs,28 de sept al 04 oct'26,2026-10-01,Real,A- Dentro de sistemas de transporte,,Ajuste de Demanda (conforme a proyecciones del Sist. de Transporte),MMm³,2.5,
PS_20261002.pdf,2026-10-02,vie 02 - oct 18 hs,28 de sept al 04 oct'26,2026-10-01,Programado,A- Dentro de sistemas de transporte,,Gas Combustible,MMm³,3.3,
PS_20261002.pdf,2026-10-02,vie 02 - oct 18 hs,28 de sept al 04 oct'26,2026-10-01,Real,A- Dentro de sistemas de transporte,,Gas Combustible,MMm³,3.3,
PS_20261002.pdf,2026-10-02,vie 02 - oct 18 hs,28 de sept al 04 oct'26,2026-10-01,Programado,A- Dentro de sistemas de transporte,,GNC,MMm³,5.6,
PS_20261002.pdf,2026-10-02,vie 02 - oct 18 hs,28 de sept al 04 oct'26,2026-10-01,Real,A- Dentro de sistemas de transporte,,GNC,MMm³,5.8,
PS_20261002.pdf,2026-10-02,vie 02 - oct 18 hs,28 de sept al 04 oct'26,2026-10-01,Programado,A- Dentro de sistemas de transporte,,Industria (P3+GU+Grandes C.),MMm³,36.3,
PS_20261002.pdf,2026-10-02,vie 02 - oct 18 hs,28 de sept al 04 oct'26,2026-10-01,Real,A- Dentro de sistemas de transporte,,Industria (P3+GU+Grandes C.),MMm³,36.1,
PS_20261002.pdf,2026-10-02,vie 02 - oct 18 hs,28 de sept al 04 oct'26,2026-10-01,Programado,A- Dentro de sistemas de transporte,,Usinas dentro del Sistema de Transporte,MMm³,24.1,
PS_20261002.pdf,2026-10-02,vie 02 - oct 18 hs,28 de sept al 04 oct'26,2026-10-01,Real,A- Dentro de sistemas de transporte,,Usinas dentro del Sistema de Transporte,MMm³,23.5,
PS_20261002.pdf,2026-10-02,vie 02 - oct 18 hs,28 de sept al 04 oct'26,2026-10-01,Programado,A- Dentro de sistemas de transporte,,Exportaciones en el Sistema de Transporte TGN,MMm³,3.3,
PS_20261002.pdf,2026-10-02,vie 02 - oct 18 hs,28 de sept al 04 oct'26,2026-10-01,Real,A- Dentro de sistemas de transporte,,Exportaciones en el Sistema de Transporte TGN,MMm³,2.5,
PS_20261002.pdf,2026-10-02,vie 02 - oct 18 hs,28 de sept al 04 oct'26,2026-10-01,Programado,A- Dentro de sistemas de transporte,,Exportaciones en el Sistema de Transporte TGS,MMm³,2.1,
PS_20261002.pdf,2026-10-02,vie 02 - oct 18 hs,28 de sept al 04 oct'26,2026-10-01,Real,A- Dentro de sistemas de transporte,,Exportaciones en el Sistema de Transporte TGS,MMm³,1.9,
PS_20261002.pdf,2026-10-02,vie 02 - oct 18 hs,28 de sept al 04 oct'26,2026-10-01,Programado,B- Fuera de sistemas de transporte,,B- FUERA DE SISTEMAS DE TRANSPORTE,MMm³,15.1,
PS_20261002.pdf,2026-10-02,vie 02 - oct 18 hs,28 de sept al 04 oct'26,2026-10-01,Real,B- Fuera de sistemas de transporte,,B- FUERA DE SISTEMAS DE TRANSPORTE,MMm³,14.5,
PS_20261002.pdf,2026-10-02,vie 02 - oct 18 hs,28 de sept al 04 oct'26,2026-10-01,Programado,B- Fuera de sistemas de transporte,,Demanda Tierra del Fuego,MMm³,0.7,
PS_20261002.pdf,2026-10-02,vie 02 - oct 18 hs,28 de sept al 04 oct'26,2026-10-01,Real,B- Fuera de sistemas de transporte,,Demanda Tierra del Fuego,MMm³,0.6,
PS_20261002.pdf,2026-10-02,vie 02 - oct 18 hs,28 de sept al 04 oct'26,2026-10-01,Programado,B- Fuera de sistemas de transporte,,Usinas en Boca Pozo,MMm³,3.8,
PS_20261002.pdf,2026-10-02,vie 02 - oct 18 hs,28 de sept al 04 oct'26,2026-10-01,Real,B- Fuera de sistemas de transporte,,Usinas en Boca Pozo,MMm³,3.7,
PS_20261002.pdf,2026-10-02,vie 02 - oct 18 hs,28 de sept al 04 oct'26,2026-10-01,Programado,B- Fuera de sistemas de transporte,,Gas Pacífico,MMm³,1.0,
PS_20261002.pdf,2026-10-02,vie 02 - oct 18 hs,28 de sept al 04 oct'26,2026-10-01,Real,B- Fuera de sistemas de transporte,,Gas Pacífico,MMm³,0.7,
PS_20261002.pdf,2026-10-02,vie 02 - oct 18 hs,28 de sept al 04 oct'26,2026-10-01,Programado,B- Fuera de sistemas de transporte,,Mega + Metanol,MMm³,8.2,
PS_20261002.pdf,2026-10-02,vie 02 - oct 18 hs,28 de sept al 04 oct'26,2026-10-01,Real,B- Fuera de sistemas de transporte,,Mega + Metanol,MMm³,8.0,
PS_20261002.pdf,2026-10-02,vie 02 - oct 18 hs,28 de sept al 04 oct'26,2026-10-01,Programado,B- Fuera de sistemas de transporte,,Refinor,MMm³,0.4,
PS_20261002.pdf,2026-10-02,vie 02 - oct 18 hs,28 de sept al 04 oct'26,2026-10-01,Real,B- Fuera de sistemas de transporte,,Refinor,MMm³,0.4,
PS_20261002.pdf,2026-10-02,vie 02 - oct 18 hs,28 de sept al 04 oct'26,2026-10-01,Programado,B- Fuera de sistemas de transporte,,Gas Atacama,MMm³,0.0,
PS_20261002.pdf,2026-10-02,vie 02 - oct 18 hs,28 de sept al 04 oct'26,2026-10-01,Real,B- Fuera de sistemas de transporte,,Gas Atacama,MMm³,0.0,
PS_20261002.pdf,2026-10-02,vie 02 - oct 18 hs,28 de sept al 04 oct'26,2026-10-01,Programado,B- Fuera de sistemas de transporte,,Methanex,MMm³,1.1,
PS_20261002.pdf,2026-10-02,vie 02 - oct 18 hs,28 de sept al 04 oct'26,2026-10-01,Real,B- Fuera de sistemas de transporte,,Methanex,MMm³,1.1,
PS_20261002.pdf,2026-10-02,vie 02 - oct 18 hs,28 de sept al 04 oct'26,2026-10-01,Programado,Inyecciones (TGN + TGS + ENARSA),,INYECCIONES (TGN + TGS + ENARSA),MMm³,118.0,
PS_20261002.pdf,2026-10-02,vie 02 - oct 18 hs,28 de sept al 04 oct'26,2026-10-01,Real,Inyecciones (TGN + TGS + ENARSA),,INYECCIONES (TGN + TGS + ENARSA),MMm³,119.1,
PS_20261002.pdf,2026-10-02,vie 02 - oct 18 hs,28 de sept al 04 oct'26,2026-10-01,Programado,Inyecciones (TGN + TGS + ENARSA),,PRODUCTORES - INYECCION NACIONAL,MMm³,118.0,
PS_20261002.pdf,2026-10-02,vie 02 - oct 18 hs,28 de sept al 04 oct'26,2026-10-01,Real,Inyecciones (TGN + TGS + ENARSA),,PRODUCTORES - INYECCION NACIONAL,MMm³,119.1,
PS_20261002.pdf,2026-10-02,vie 02 - oct 18 hs,28 de sept al 04 oct'26,2026-10-01,Programado,Inyecciones (TGN + TGS + ENARSA),,TGS,MMm³,67.1,
PS_20261002.pdf,2026-10-02,vie 02 - oct 18 hs,28 de sept al 04 oct'26,2026-10-01,Real,Inyecciones (TGN + TGS + ENARSA),,TGS,MMm³,72.1,
PS_20261002.pdf,2026-10-02,vie 02 - oct 18 hs,28 de sept al 04 oct'26,2026-10-01,Programado,Inyecciones (TGN + TGS + ENARSA),TGS,Sur,MMm³,22.7,
PS_20261002.pdf,2026-10-02,vie 02 - oct 18 hs,28 de sept al 04 oct'26,2026-10-01,Real,Inyecciones (TGN + TGS + ENARSA),TGS,Sur,MMm³,24.3,
PS_20261002.pdf,2026-10-02,vie 02 - oct 18 hs,28 de sept al 04 oct'26,2026-10-01,Programado,Inyecciones (TGN + TGS + ENARSA),TGS,Neuba I,MMm³,8.4,
PS_20261002.pdf,2026-10-02,vie 02 - oct 18 hs,28 de sept al 04 oct'26,2026-10-01,Real,Inyecciones (TGN + TGS + ENARSA),TGS,Neuba I,MMm³,9.0,
PS_20261002.pdf,2026-10-02,vie 02 - oct 18 hs,28 de sept al 04 oct'26,2026-10-01,Programado,Inyecciones (TGN + TGS + ENARSA),TGS,Neuba II,MMm³,36.0,
PS_20261002.pdf,2026-10-02,vie 02 - oct 18 hs,28 de sept al 04 oct'26,2026-10-01,Real,Inyecciones (TGN + TGS + ENARSA),TGS,Neuba II,MMm³,38.8,
PS_20261002.pdf,2026-10-02,vie 02 - oct 18 hs,28 de sept al 04 oct'26,2026-10-01,Programado,Inyecciones (TGN + TGS + ENARSA),TGS,Patagónico,MMm³,0.0,
PS_20261002.pdf,2026-10-02,vie 02 - oct 18 hs,28 de sept al 04 oct'26,2026-10-01,Real,Inyecciones (TGN + TGS + ENARSA),TGS,Patagónico,MMm³,0.0,
PS_20261002.pdf,2026-10-02,vie 02 - oct 18 hs,28 de sept al 04 oct'26,2026-10-01,Programado,Inyecciones (TGN + TGS + ENARSA),,TGN,MMm³,27.9,
PS_20261002.pdf,2026-10-02,vie 02 - oct 18 hs,28 de sept al 04 oct'26,2026-10-01,Real,Inyecciones (TGN + TGS + ENARSA),,TGN,MMm³,26.9,
PS_20261002.pdf,2026-10-02,vie 02 - oct 18 hs,28 de sept al 04 oct'26,2026-10-01,Programado,Inyecciones (TGN + TGS + ENARSA),TGN,Norte (incluye importación),MMm³,1.9,
PS_20261002.pdf,2026-10-02,vie 02 - oct 18 hs,28 de sept al 04 oct'26,2026-10-01,Real,Inyecciones (TGN + TGS + ENARSA),TGN,Norte (incluye importación),MMm³,2.2,
PS_20261002.pdf,2026-10-02,vie 02 - oct 18 hs,28 de sept al 04 oct'26,2026-10-01,Programado,Inyecciones (TGN + TGS + ENARSA),TGN,Neuquén,MMm³,26.0,
PS_20261002.pdf,2026-10-02,vie 02 - oct 18 hs,28 de sept al 04 oct'26,2026-10-01,Real,Inyecciones (TGN + TGS + ENARSA),TGN,Neuquén,MMm³,24.7,
PS_20261002.pdf,2026-10-02,vie 02 - oct 18 hs,28 de sept al 04 oct'26,2026-10-01,Programado,Inyecciones (TGN + TGS + ENARSA),,ENARSA,MMm³,23.0,
PS_20261002.pdf,2026-10-02,vie 02 - oct 18 hs,28 de sept al 04 oct'26,2026-10-01,Real,Inyecciones (TGN + TGS + ENARSA),,ENARSA,MMm³,20.2,
PS_20261002.pdf,2026-10-02,vie 02 - oct 18 hs,28 de sept al 04 oct'26,2026-10-01,Programado,Inyecciones (TGN + TGS + ENARSA),ENARSA,GPFM,MMm³,23.0,
PS_20261002.pdf,2026-10-02,vie 02 - oct 18 hs,28 de sept al 04 oct'26,2026-10-01,Real,Inyecciones (TGN + TGS + ENARSA),ENARSA,GPFM,MMm³,20.2,
PS_20261002.pdf,2026-10-02,vie 02 - oct 18 hs,28 de sept al 04 oct'26,2026-10-01,Programado,Otras inyecciones,,BOLIVIA,MMm³,0.0,
PS_20261002.pdf,2026-10-02,vie 02 - oct 18 hs,28 de sept al 04 oct'26,2026-10-01,Real,Otras inyecciones,,BOLIVIA,MMm³,0.0,
PS_20261002.pdf,2026-10-02,vie 02 - oct 18 hs,28 de sept al 04 oct'26,2026-10-01,Programado,Otras inyecciones,,Inyección desde Chile,MMm³,0.0,
PS_20261002.pdf,2026-10-02,vie 02 - oct 18 hs,28 de sept al 04 oct'26,2026-10-01,Real,Otras inyecciones,,Inyección desde Chile,MMm³,0.0,
PS_20261002.pdf,2026-10-02,vie 02 - oct 18 hs,28 de sept al 04 oct'26,2026-10-01,Programado,Otras inyecciones,,PEAK SHAVING,MMm³,0.0,
PS_20261002.pdf,2026-10-02,vie 02 - oct 18 hs,28 de sept al 04 oct'26,2026-10-01,Real,Otras inyecciones,,PEAK SHAVING,MMm³,0.0,
PS_20261002.pdf,2026-10-02,vie 02 - oct 18 hs,28 de sept al 04 oct'26,2026-10-01,Programado,Otras inyecciones,,INYECCIÓN BUQUE ESCOBAR,MMm³,0.0,
PS_20261002.pdf,2026-10-02,vie 02 - oct 18 hs,28 de sept al 04 oct'26,2026-10-01,Real,Otras inyecciones,,INYECCIÓN BUQUE ESCOBAR,MMm³,0.0,
PS_20261002.pdf,2026-10-02,vie 02 - oct 18 hs,28 de sept al 04 oct'26,2026-10-01,Programado,Stock (linepack),,STOCK (TGN+TGS),MMm³,365.0,312-368
PS_20261002.pdf,2026-10-02,vie 02 - oct 18 hs,28 de sept al 04 oct'26,2026-10-01,Programado,Stock (linepack),,DELTA,MMm³,-5.0,
PS_20261002.pdf,2026-10-02,vie 02 - oct 18 hs,28 de sept al 04 oct'26,2026-10-01,Real,Stock (linepack),,DELTA,MMm³,-7.8,
PS_20261002.pdf,2026-10-02,vie 02 - oct 18 hs,28 de sept al 04 oct'26,2026-10-01,Programado,Stock (linepack),,TGS,MMm³,228.12,215-235
PS_20261002.pdf,2026-10-02,vie 02 - oct 18 hs,28 de sept al 04 oct'26,2026-10-01,Programado,Stock (linepack),,TGN,MMm³,136.92,110-142
PS_20261002.pdf,2026-10-02,vie 02 - oct 18 hs,28 de sept al 04 oct'26,2026-10-02,Proyección,Temperatura,,Temperatura Media Estimada Anillo Bs.As.,°C,12.0,
PS_20261002.pdf,2026-10-02,vie 02 - oct 18 hs,28 de sept al 04 oct'26,2026-10-02,Proyección,Demanda total,,DEMANDA TOTAL,MMm³,136.7,
PS_20261002.pdf,2026-10-02,vie 02 - oct 18 hs,28 de sept al 04 oct'26,2026-10-02,Proyección,A- Dentro de sistemas de transporte,,A- DENTRO DE SISTEMAS DE TRANSPORTE,MMm³,121.3,
PS_20261002.pdf,2026-10-02,vie 02 - oct 18 hs,28 de sept al 04 oct'26,2026-10-02,Proyección,A- Dentro de sistemas de transporte,,Demanda Prioritaria (R+SGP),MMm³,50.7,
PS_20261002.pdf,2026-10-02,vie 02 - oct 18 hs,28 de sept al 04 oct'26,2026-10-02,Proyección,A- Dentro de sistemas de transporte,,Ajuste de Demanda (conforme a proyecciones del Sist. de Transporte),MMm³,1.8,
PS_20261002.pdf,2026-10-02,vie 02 - oct 18 hs,28 de sept al 04 oct'26,2026-10-02,Proyección,A- Dentro de sistemas de transporte,,Gas Combustible,MMm³,3.4,
PS_20261002.pdf,2026-10-02,vie 02 - oct 18 hs,28 de sept al 04 oct'26,2026-10-02,Proyección,A- Dentro de sistemas de transporte,,GNC,MMm³,5.9,
PS_20261002.pdf,2026-10-02,vie 02 - oct 18 hs,28 de sept al 04 oct'26,2026-10-02,Proyección,A- Dentro de sistemas de transporte,,Industria (P3+GU+Grandes C.),MMm³,36.1,
PS_20261002.pdf,2026-10-02,vie 02 - oct 18 hs,28 de sept al 04 oct'26,2026-10-02,Proyección,A- Dentro de sistemas de transporte,,Usinas dentro del Sistema de Transporte,MMm³,19.2,
PS_20261002.pdf,2026-10-02,vie 02 - oct 18 hs,28 de sept al 04 oct'26,2026-10-02,Proyección,A- Dentro de sistemas de transporte,,Exportaciones en el Sistema de Transporte TGN,MMm³,2.0,
PS_20261002.pdf,2026-10-02,vie 02 - oct 18 hs,28 de sept al 04 oct'26,2026-10-02,Proyección,A- Dentro de sistemas de transporte,,Exportaciones en el Sistema de Transporte TGS,MMm³,2.0,
PS_20261002.pdf,2026-10-02,vie 02 - oct 18 hs,28 de sept al 04 oct'26,2026-10-02,Proyección,B- Fuera de sistemas de transporte,,B- FUERA DE SISTEMAS DE TRANSPORTE,MMm³,15.5,
PS_20261002.pdf,2026-10-02,vie 02 - oct 18 hs,28 de sept al 04 oct'26,2026-10-02,Proyección,B- Fuera de sistemas de transporte,,Demanda Tierra del Fuego,MMm³,0.7,
PS_20261002.pdf,2026-10-02,vie 02 - oct 18 hs,28 de sept al 04 oct'26,2026-10-02,Proyección,B- Fuera de sistemas de transporte,,Usinas en Boca Pozo,MMm³,4.1,
PS_20261002.pdf,2026-10-02,vie 02 - oct 18 hs,28 de sept al 04 oct'26,2026-10-02,Proyección,B- Fuera de sistemas de transporte,,Gas Pacífico,MMm³,1.0,
PS_20261002.pdf,2026-10-02,vie 02 - oct 18 hs,28 de sept al 04 oct'26,2026-10-02,Proyección,B- Fuera de sistemas de transporte,,Mega + Metanol,MMm³,8.2,
PS_20261002.pdf,2026-10-02,vie 02 - oct 18 hs,28 de sept al 04 oct'26,2026-10-02,Proyección,B- Fuera de sistemas de transporte,,Refinor,MMm³,0.4,
PS_20261002.pdf,2026-10-02,vie 02 - oct 18 hs,28 de sept al 04 oct'26,2026-10-02,Proyección,B- Fuera de sistemas de transporte,,Gas Atacama,MMm³,0.0,
PS_20261002.pdf,2026-10-02,vie 02 - oct 18 hs,28 de sept al 04 oct'26,2026-10-02,Proyección,B- Fuera de sistemas de transporte,,Methanex,MMm³,1.1,
PS_20261002.pdf,2026-10-02,vie 02 - oct 18 hs,28 de sept al 04 oct'26,2026-10-02,Proyección,Inyecciones (TGN + TGS + ENARSA),,INYECCIONES (TGN + TGS + ENARSA),MMm³,118.4,
PS_20261002.pdf,2026-10-02,vie 02 - oct 18 hs,28 de sept al 04 oct'26,2026-10-02,Proyección,Inyecciones (TGN + TGS + ENARSA),,PRODUCTORES - INYECCION NACIONAL,MMm³,118.4,
PS_20261002.pdf,2026-10-02,vie 02 - oct 18 hs,28 de sept al 04 oct'26,2026-10-02,Proyección,Inyecciones (TGN + TGS + ENARSA),,TGS,MMm³,70.0,
PS_20261002.pdf,2026-10-02,vie 02 - oct 18 hs,28 de sept al 04 oct'26,2026-10-02,Proyección,Inyecciones (TGN + TGS + ENARSA),TGS,Sur,MMm³,23.6,
PS_20261002.pdf,2026-10-02,vie 02 - oct 18 hs,28 de sept al 04 oct'26,2026-10-02,Proyección,Inyecciones (TGN + TGS + ENARSA),TGS,Neuba I,MMm³,7.4,
PS_20261002.pdf,2026-10-02,vie 02 - oct 18 hs,28 de sept al 04 oct'26,2026-10-02,Proyección,Inyecciones (TGN + TGS + ENARSA),TGS,Neuba II,MMm³,39.0,
PS_20261002.pdf,2026-10-02,vie 02 - oct 18 hs,28 de sept al 04 oct'26,2026-10-02,Proyección,Inyecciones (TGN + TGS + ENARSA),TGS,Patagónico,MMm³,0.0,
PS_20261002.pdf,2026-10-02,vie 02 - oct 18 hs,28 de sept al 04 oct'26,2026-10-02,Proyección,Inyecciones (TGN + TGS + ENARSA),,TGN,MMm³,27.9,
PS_20261002.pdf,2026-10-02,vie 02 - oct 18 hs,28 de sept al 04 oct'26,2026-10-02,Proyección,Inyecciones (TGN + TGS + ENARSA),TGN,Norte (incluye importación),MMm³,1.9,
PS_20261002.pdf,2026-10-02,vie 02 - oct 18 hs,28 de sept al 04 oct'26,2026-10-02,Proyección,Inyecciones (TGN + TGS + ENARSA),TGN,Neuquén,MMm³,26.0,
PS_20261002.pdf,2026-10-02,vie 02 - oct 18 hs,28 de sept al 04 oct'26,2026-10-02,Proyección,Inyecciones (TGN + TGS + ENARSA),,ENARSA,MMm³,20.5,
PS_20261002.pdf,2026-10-02,vie 02 - oct 18 hs,28 de sept al 04 oct'26,2026-10-02,Proyección,Inyecciones (TGN + TGS + ENARSA),ENARSA,GPFM,MMm³,20.5,
PS_20261002.pdf,2026-10-02,vie 02 - oct 18 hs,28 de sept al 04 oct'26,2026-10-02,Proyección,Otras inyecciones,,BOLIVIA,MMm³,0.0,
PS_20261002.pdf,2026-10-02,vie 02 - oct 18 hs,28 de sept al 04 oct'26,2026-10-02,Proyección,Otras inyecciones,,Inyección desde Chile,MMm³,0.0,
PS_20261002.pdf,2026-10-02,vie 02 - oct 18 hs,28 de sept al 04 oct'26,2026-10-02,Proyección,Otras inyecciones,,PEAK SHAVING,MMm³,0.0,
PS_20261002.pdf,2026-10-02,vie 02 - oct 18 hs,28 de sept al 04 oct'26,2026-10-02,Proyección,Otras inyecciones,,INYECCIÓN BUQUE ESCOBAR,MMm³,0.0,
PS_20261002.pdf,2026-10-02,vie 02 - oct 18 hs,28 de sept al 04 oct'26,2026-10-02,Proyección,Stock (linepack),,STOCK (TGN+TGS),MMm³,357.2,312-368
PS_20261002.pdf,2026-10-02,vie 02 - oct 18 hs,28 de sept al 04 oct'26,2026-10-02,Proyección,Stock (linepack),,DELTA,MMm³,-2.9,
PS_20261002.pdf,2026-10-02,vie 02 - oct 18 hs,28 de sept al 04 oct'26,2026-10-02,Proyección,Stock (linepack),,TGS,MMm³,224.64,215-235
PS_20261002.pdf,2026-10-02,vie 02 - oct 18 hs,28 de sept al 04 oct'26,2026-10-02,Proyección,Stock (linepack),,TGN,MMm³,132.56,110-142
PS_20261002.pdf,2026-10-02,vie 02 - oct 18 hs,28 de sept al 04 oct'26,2026-10-02,Proyección,Stock (linepack),,TRAMOS INICIALES,MMm³,259.71,218-254
PS_20261002.pdf,2026-10-02,vie 02 - oct 18 hs,28 de sept al 04 oct'26,2026-10-02,Proyección,Stock (linepack),,TRAMOS FINALES,MMm³,97.49,85-101
PS_20261002.pdf,2026-10-02,vie 02 - oct 18 hs,28 de sept al 04 oct'26,2026-10-02,Proyección,Stock (linepack),TRAMOS FINALES,TGS,MMm³,81.92,
PS_20261002.pdf,2026-10-02,vie 02 - oct 18 hs,28 de sept al 04 oct'26,2026-10-02,Proyección,Stock (linepack),TRAMOS FINALES,TGN,MMm³,15.57,
PS_20261002.pdf,2026-10-02,vie 02 - oct 18 hs,28 de sept al 04 oct'26,2026-10-02,Proyección,Saldos,,BUQUE REGASIFICADOR (ESC),MMm³,58.3,
PS_20261002.pdf,2026-10-02,vie 02 - oct 18 hs,28 de sept al 04 oct'26,2026-10-02,Proyección,Saldos,,RESERVA GASBAN,MMm³,8.33,
PS_20261002.pdf,2026-10-02,vie 02 - oct 18 hs,28 de sept al 04 oct'26,2026-10-03,Proyección,Temperatura,,Temperatura Media Estimada Anillo Bs.As.,°C,14.0,
PS_20261002.pdf,2026-10-02,vie 02 - oct 18 hs,28 de sept al 04 oct'26,2026-10-03,Proyección,Demanda total,,DEMANDA TOTAL,MMm³,125.6,
PS_20261002.pdf,2026-10-02,vie 02 - oct 18 hs,28 de sept al 04 oct'26,2026-10-03,Proyección,A- Dentro de sistemas de transporte,,A- DENTRO DE SISTEMAS DE TRANSPORTE,MMm³,110.6,
PS_20261002.pdf,2026-10-02,vie 02 - oct 18 hs,28 de sept al 04 oct'26,2026-10-03,Proyección,A- Dentro de sistemas de transporte,,Demanda Prioritaria (R+SGP),MMm³,42.8,
PS_20261002.pdf,2026-10-02,vie 02 - oct 18 hs,28 de sept al 04 oct'26,2026-10-03,Proyección,A- Dentro de sistemas de transporte,,Ajuste de Demanda (conforme a proyecciones del Sist. de Transporte),MMm³,1.0,
PS_20261002.pdf,2026-10-02,vie 02 - oct 18 hs,28 de sept al 04 oct'26,2026-10-03,Proyección,A- Dentro de sistemas de transporte,,Gas Combustible,MMm³,3.3,
PS_20261002.pdf,2026-10-02,vie 02 - oct 18 hs,28 de sept al 04 oct'26,2026-10-03,Proyección,A- Dentro de sistemas de transporte,,GNC,MMm³,5.8,
PS_20261002.pdf,2026-10-02,vie 02 - oct 18 hs,28 de sept al 04 oct'26,2026-10-03,Proyección,A- Dentro de sistemas de transporte,,Industria (P3+GU+Grandes C.),MMm³,35.0,
PS_20261002.pdf,2026-10-02,vie 02 - oct 18 hs,28 de sept al 04 oct'26,2026-10-03,Proyección,A- Dentro de sistemas de transporte,,Usinas dentro del Sistema de Transporte,MMm³,18.6,
PS_20261002.pdf,2026-10-02,vie 02 - oct 18 hs,28 de sept al 04 oct'26,2026-10-03,Proyección,A- Dentro de sistemas de transporte,,Exportaciones en el Sistema de Transporte TGN,MMm³,2.0,
PS_20261002.pdf,2026-10-02,vie 02 - oct 18 hs,28 de sept al 04 oct'26,2026-10-03,Proyección,A- Dentro de sistemas de transporte,,Exportaciones en el Sistema de Transporte TGS,MMm³,2.0,
PS_20261002.pdf,2026-10-02,vie 02 - oct 18 hs,28 de sept al 04 oct'26,2026-10-03,Proyección,B- Fuera de sistemas de transporte,,B- FUERA DE SISTEMAS DE TRANSPORTE,MMm³,15.1,
PS_20261002.pdf,2026-10-02,vie 02 - oct 18 hs,28 de sept al 04 oct'26,2026-10-03,Proyección,B- Fuera de sistemas de transporte,,Demanda Tierra del Fuego,MMm³,0.7,
PS_20261002.pdf,2026-10-02,vie 02 - oct 18 hs,28 de sept al 04 oct'26,2026-10-03,Proyección,B- Fuera de sistemas de transporte,,Usinas en Boca Pozo,MMm³,3.7,
PS_20261002.pdf,2026-10-02,vie 02 - oct 18 hs,28 de sept al 04 oct'26,2026-10-03,Proyección,B- Fuera de sistemas de transporte,,Gas Pacífico,MMm³,1.0,
PS_20261002.pdf,2026-10-02,vie 02 - oct 18 hs,28 de sept al 04 oct'26,2026-10-03,Proyección,B- Fuera de sistemas de transporte,,Mega + Metanol,MMm³,8.2,
PS_20261002.pdf,2026-10-02,vie 02 - oct 18 hs,28 de sept al 04 oct'26,2026-10-03,Proyección,B- Fuera de sistemas de transporte,,Refinor,MMm³,0.4,
PS_20261002.pdf,2026-10-02,vie 02 - oct 18 hs,28 de sept al 04 oct'26,2026-10-03,Proyección,B- Fuera de sistemas de transporte,,Gas Atacama,MMm³,0.0,
PS_20261002.pdf,2026-10-02,vie 02 - oct 18 hs,28 de sept al 04 oct'26,2026-10-03,Proyección,B- Fuera de sistemas de transporte,,Methanex,MMm³,1.1,
PS_20261002.pdf,2026-10-02,vie 02 - oct 18 hs,28 de sept al 04 oct'26,2026-10-03,Proyección,Inyecciones (TGN + TGS + ENARSA),,INYECCIONES (TGN + TGS + ENARSA),MMm³,115.0,
PS_20261002.pdf,2026-10-02,vie 02 - oct 18 hs,28 de sept al 04 oct'26,2026-10-03,Proyección,Inyecciones (TGN + TGS + ENARSA),,PRODUCTORES - INYECCION NACIONAL,MMm³,115.0,
PS_20261002.pdf,2026-10-02,vie 02 - oct 18 hs,28 de sept al 04 oct'26,2026-10-03,Proyección,Inyecciones (TGN + TGS + ENARSA),,TGS,MMm³,68.1,
PS_20261002.pdf,2026-10-02,vie 02 - oct 18 hs,28 de sept al 04 oct'26,2026-10-03,Proyección,Inyecciones (TGN + TGS + ENARSA),TGS,Sur,MMm³,22.7,
PS_20261002.pdf,2026-10-02,vie 02 - oct 18 hs,28 de sept al 04 oct'26,2026-10-03,Proyección,Inyecciones (TGN + TGS + ENARSA),TGS,Neuba I,MMm³,7.4,
PS_20261002.pdf,2026-10-02,vie 02 - oct 18 hs,28 de sept al 04 oct'26,2026-10-03,Proyección,Inyecciones (TGN + TGS + ENARSA),TGS,Neuba II,MMm³,38.0,
PS_20261002.pdf,2026-10-02,vie 02 - oct 18 hs,28 de sept al 04 oct'26,2026-10-03,Proyección,Inyecciones (TGN + TGS + ENARSA),TGS,Patagónico,MMm³,0.0,
PS_20261002.pdf,2026-10-02,vie 02 - oct 18 hs,28 de sept al 04 oct'26,2026-10-03,Proyección,Inyecciones (TGN + TGS + ENARSA),,TGN,MMm³,27.9,
PS_20261002.pdf,2026-10-02,vie 02 - oct 18 hs,28 de sept al 04 oct'26,2026-10-03,Proyección,Inyecciones (TGN + TGS + ENARSA),TGN,Norte (incluye importación),MMm³,1.9,
PS_20261002.pdf,2026-10-02,vie 02 - oct 18 hs,28 de sept al 04 oct'26,2026-10-03,Proyección,Inyecciones (TGN + TGS + ENARSA),TGN,Neuquén,MMm³,26.0,
PS_20261002.pdf,2026-10-02,vie 02 - oct 18 hs,28 de sept al 04 oct'26,2026-10-03,Proyección,Inyecciones (TGN + TGS + ENARSA),,ENARSA,MMm³,19.0,
PS_20261002.pdf,2026-10-02,vie 02 - oct 18 hs,28 de sept al 04 oct'26,2026-10-03,Proyección,Inyecciones (TGN + TGS + ENARSA),ENARSA,GPFM,MMm³,19.0,
PS_20261002.pdf,2026-10-02,vie 02 - oct 18 hs,28 de sept al 04 oct'26,2026-10-03,Proyección,Otras inyecciones,,BOLIVIA,MMm³,0.0,
PS_20261002.pdf,2026-10-02,vie 02 - oct 18 hs,28 de sept al 04 oct'26,2026-10-03,Proyección,Otras inyecciones,,Inyección desde Chile,MMm³,0.0,
PS_20261002.pdf,2026-10-02,vie 02 - oct 18 hs,28 de sept al 04 oct'26,2026-10-03,Proyección,Otras inyecciones,,PEAK SHAVING,MMm³,0.0,
PS_20261002.pdf,2026-10-02,vie 02 - oct 18 hs,28 de sept al 04 oct'26,2026-10-03,Proyección,Otras inyecciones,,INYECCIÓN BUQUE ESCOBAR,MMm³,0.0,
PS_20261002.pdf,2026-10-02,vie 02 - oct 18 hs,28 de sept al 04 oct'26,2026-10-03,Proyección,Stock (linepack),,STOCK (TGN+TGS),MMm³,354.3,312-368
PS_20261002.pdf,2026-10-02,vie 02 - oct 18 hs,28 de sept al 04 oct'26,2026-10-03,Proyección,Stock (linepack),,DELTA,MMm³,4.4,
PS_20261002.pdf,2026-10-02,vie 02 - oct 18 hs,28 de sept al 04 oct'26,2026-10-03,Proyección,Stock (linepack),,TGS,MMm³,222.57,215-235
PS_20261002.pdf,2026-10-02,vie 02 - oct 18 hs,28 de sept al 04 oct'26,2026-10-03,Proyección,Stock (linepack),,TGN,MMm³,131.75,110-142
PS_20261002.pdf,2026-10-02,vie 02 - oct 18 hs,28 de sept al 04 oct'26,2026-10-03,Proyección,Stock (linepack),,TRAMOS INICIALES,MMm³,258.97,218-254
PS_20261002.pdf,2026-10-02,vie 02 - oct 18 hs,28 de sept al 04 oct'26,2026-10-03,Proyección,Stock (linepack),,TRAMOS FINALES,MMm³,95.35,85-101
PS_20261002.pdf,2026-10-02,vie 02 - oct 18 hs,28 de sept al 04 oct'26,2026-10-03,Proyección,Stock (linepack),TRAMOS FINALES,TGS,MMm³,80.12,
PS_20261002.pdf,2026-10-02,vie 02 - oct 18 hs,28 de sept al 04 oct'26,2026-10-03,Proyección,Stock (linepack),TRAMOS FINALES,TGN,MMm³,15.23,
PS_20261002.pdf,2026-10-02,vie 02 - oct 18 hs,28 de sept al 04 oct'26,2026-10-03,Proyección,Saldos,,BUQUE REGASIFICADOR (ESC),MMm³,58.17,
PS_20261002.pdf,2026-10-02,vie 02 - oct 18 hs,28 de sept al 04 oct'26,2026-10-03,Proyección,Saldos,,RESERVA GASBAN,MMm³,8.33,
PS_20261002.pdf,2026-10-02,vie 02 - oct 18 hs,28 de sept al 04 oct'26,2026-10-04,Proyección,Temperatura,,Temperatura Media Estimada Anillo Bs.As.,°C,16.0,
PS_20261002.pdf,2026-10-02,vie 02 - oct 18 hs,28 de sept al 04 oct'26,2026-10-04,Proyección,Demanda total,,DEMANDA TOTAL,MMm³,117.9,
PS_20261002.pdf,2026-10-02,vie 02 - oct 18 hs,28 de sept al 04 oct'26,2026-10-04,Proyección,A- Dentro de sistemas de transporte,,A- DENTRO DE SISTEMAS DE TRANSPORTE,MMm³,102.8,
PS_20261002.pdf,2026-10-02,vie 02 - oct 18 hs,28 de sept al 04 oct'26,2026-10-04,Proyección,A- Dentro de sistemas de transporte,,Demanda Prioritaria (R+SGP),MMm³,37.9,
PS_20261002.pdf,2026-10-02,vie 02 - oct 18 hs,28 de sept al 04 oct'26,2026-10-04,Proyección,A- Dentro de sistemas de transporte,,Ajuste de Demanda (conforme a proyecciones del Sist. de Transporte),MMm³,0.8,
PS_20261002.pdf,2026-10-02,vie 02 - oct 18 hs,28 de sept al 04 oct'26,2026-10-04,Proyección,A- Dentro de sistemas de transporte,,Gas Combustible,MMm³,3.3,
PS_20261002.pdf,2026-10-02,vie 02 - oct 18 hs,28 de sept al 04 oct'26,2026-10-04,Proyección,A- Dentro de sistemas de transporte,,GNC,MMm³,5.2,
PS_20261002.pdf,2026-10-02,vie 02 - oct 18 hs,28 de sept al 04 oct'26,2026-10-04,Proyección,A- Dentro de sistemas de transporte,,Industria (P3+GU+Grandes C.),MMm³,34.4,
PS_20261002.pdf,2026-10-02,vie 02 - oct 18 hs,28 de sept al 04 oct'26,2026-10-04,Proyección,A- Dentro de sistemas de transporte,,Usinas dentro del Sistema de Transporte,MMm³,17.3,
PS_20261002.pdf,2026-10-02,vie 02 - oct 18 hs,28 de sept al 04 oct'26,2026-10-04,Proyección,A- Dentro de sistemas de transporte,,Exportaciones en el Sistema de Transporte TGN,MMm³,2.0,
PS_20261002.pdf,2026-10-02,vie 02 - oct 18 hs,28 de sept al 04 oct'26,2026-10-04,Proyección,A- Dentro de sistemas de transporte,,Exportaciones en el Sistema de Transporte TGS,MMm³,2.0,
PS_20261002.pdf,2026-10-02,vie 02 - oct 18 hs,28 de sept al 04 oct'26,2026-10-04,Proyección,B- Fuera de sistemas de transporte,,B- FUERA DE SISTEMAS DE TRANSPORTE,MMm³,15.0,
PS_20261002.pdf,2026-10-02,vie 02 - oct 18 hs,28 de sept al 04 oct'26,2026-10-04,Proyección,B- Fuera de sistemas de transporte,,Demanda Tierra del Fuego,MMm³,0.7,
PS_20261002.pdf,2026-10-02,vie 02 - oct 18 hs,28 de sept al 04 oct'26,2026-10-04,Proyección,B- Fuera de sistemas de transporte,,Usinas en Boca Pozo,MMm³,3.7,
PS_20261002.pdf,2026-10-02,vie 02 - oct 18 hs,28 de sept al 04 oct'26,2026-10-04,Proyección,B- Fuera de sistemas de transporte,,Gas Pacífico,MMm³,1.0,
PS_20261002.pdf,2026-10-02,vie 02 - oct 18 hs,28 de sept al 04 oct'26,2026-10-04,Proyección,B- Fuera de sistemas de transporte,,Mega + Metanol,MMm³,8.2,
PS_20261002.pdf,2026-10-02,vie 02 - oct 18 hs,28 de sept al 04 oct'26,2026-10-04,Proyección,B- Fuera de sistemas de transporte,,Refinor,MMm³,0.4,
PS_20261002.pdf,2026-10-02,vie 02 - oct 18 hs,28 de sept al 04 oct'26,2026-10-04,Proyección,B- Fuera de sistemas de transporte,,Gas Atacama,MMm³,0.0,
PS_20261002.pdf,2026-10-02,vie 02 - oct 18 hs,28 de sept al 04 oct'26,2026-10-04,Proyección,B- Fuera de sistemas de transporte,,Methanex,MMm³,1.1,
PS_20261002.pdf,2026-10-02,vie 02 - oct 18 hs,28 de sept al 04 oct'26,2026-10-04,Proyección,Inyecciones (TGN + TGS + ENARSA),,INYECCIONES (TGN + TGS + ENARSA),MMm³,115.0,
PS_20261002.pdf,2026-10-02,vie 02 - oct 18 hs,28 de sept al 04 oct'26,2026-10-04,Proyección,Inyecciones (TGN + TGS + ENARSA),,PRODUCTORES - INYECCION NACIONAL,MMm³,115.0,
PS_20261002.pdf,2026-10-02,vie 02 - oct 18 hs,28 de sept al 04 oct'26,2026-10-04,Proyección,Inyecciones (TGN + TGS + ENARSA),,TGS,MMm³,68.1,
PS_20261002.pdf,2026-10-02,vie 02 - oct 18 hs,28 de sept al 04 oct'26,2026-10-04,Proyección,Inyecciones (TGN + TGS + ENARSA),TGS,Sur,MMm³,22.7,
PS_20261002.pdf,2026-10-02,vie 02 - oct 18 hs,28 de sept al 04 oct'26,2026-10-04,Proyección,Inyecciones (TGN + TGS + ENARSA),TGS,Neuba I,MMm³,7.4,
PS_20261002.pdf,2026-10-02,vie 02 - oct 18 hs,28 de sept al 04 oct'26,2026-10-04,Proyección,Inyecciones (TGN + TGS + ENARSA),TGS,Neuba II,MMm³,38.0,
PS_20261002.pdf,2026-10-02,vie 02 - oct 18 hs,28 de sept al 04 oct'26,2026-10-04,Proyección,Inyecciones (TGN + TGS + ENARSA),TGS,Patagónico,MMm³,0.0,
PS_20261002.pdf,2026-10-02,vie 02 - oct 18 hs,28 de sept al 04 oct'26,2026-10-04,Proyección,Inyecciones (TGN + TGS + ENARSA),,TGN,MMm³,27.9,
PS_20261002.pdf,2026-10-02,vie 02 - oct 18 hs,28 de sept al 04 oct'26,2026-10-04,Proyección,Inyecciones (TGN + TGS + ENARSA),TGN,Norte (incluye importación),MMm³,1.9,
PS_20261002.pdf,2026-10-02,vie 02 - oct 18 hs,28 de sept al 04 oct'26,2026-10-04,Proyección,Inyecciones (TGN + TGS + ENARSA),TGN,Neuquén,MMm³,26.0,
PS_20261002.pdf,2026-10-02,vie 02 - oct 18 hs,28 de sept al 04 oct'26,2026-10-04,Proyección,Inyecciones (TGN + TGS + ENARSA),,ENARSA,MMm³,19.0,
PS_20261002.pdf,2026-10-02,vie 02 - oct 18 hs,28 de sept al 04 oct'26,2026-10-04,Proyección,Inyecciones (TGN + TGS + ENARSA),ENARSA,GPFM,MMm³,19.0,
PS_20261002.pdf,2026-10-02,vie 02 - oct 18 hs,28 de sept al 04 oct'26,2026-10-04,Proyección,Otras inyecciones,,BOLIVIA,MMm³,0.0,
PS_20261002.pdf,2026-10-02,vie 02 - oct 18 hs,28 de sept al 04 oct'26,2026-10-04,Proyección,Otras inyecciones,,Inyección desde Chile,MMm³,0.0,
PS_20261002.pdf,2026-10-02,vie 02 - oct 18 hs,28 de sept al 04 oct'26,2026-10-04,Proyección,Otras inyecciones,,PEAK SHAVING,MMm³,0.0,
PS_20261002.pdf,2026-10-02,vie 02 - oct 18 hs,28 de sept al 04 oct'26,2026-10-04,Proyección,Otras inyecciones,,INYECCIÓN BUQUE ESCOBAR,MMm³,0.0,
PS_20261002.pdf,2026-10-02,vie 02 - oct 18 hs,28 de sept al 04 oct'26,2026-10-04,Proyección,Stock (linepack),,STOCK (TGN+TGS),MMm³,358.7,312-368
PS_20261002.pdf,2026-10-02,vie 02 - oct 18 hs,28 de sept al 04 oct'26,2026-10-04,Proyección,Stock (linepack),,DELTA,MMm³,12.2,
PS_20261002.pdf,2026-10-02,vie 02 - oct 18 hs,28 de sept al 04 oct'26,2026-10-04,Proyección,Stock (linepack),,TGS,MMm³,226.11,215-235
PS_20261002.pdf,2026-10-02,vie 02 - oct 18 hs,28 de sept al 04 oct'26,2026-10-04,Proyección,Stock (linepack),,TGN,MMm³,132.63,110-142
PS_20261002.pdf,2026-10-02,vie 02 - oct 18 hs,28 de sept al 04 oct'26,2026-10-04,Proyección,Stock (linepack),,TRAMOS INICIALES,MMm³,263.57,218-254
PS_20261002.pdf,2026-10-02,vie 02 - oct 18 hs,28 de sept al 04 oct'26,2026-10-04,Proyección,Stock (linepack),,TRAMOS FINALES,MMm³,95.17,85-101
PS_20261002.pdf,2026-10-02,vie 02 - oct 18 hs,28 de sept al 04 oct'26,2026-10-04,Proyección,Stock (linepack),TRAMOS FINALES,TGS,MMm³,79.4,
PS_20261002.pdf,2026-10-02,vie 02 - oct 18 hs,28 de sept al 04 oct'26,2026-10-04,Proyección,Stock (linepack),TRAMOS FINALES,TGN,MMm³,15.77,
PS_20261002.pdf,2026-10-02,vie 02 - oct 18 hs,28 de sept al 04 oct'26,2026-10-04,Proyección,Saldos,,BUQUE REGASIFICADOR (ESC),MMm³,58.04,
PS_20261002.pdf,2026-10-02,vie 02 - oct 18 hs,28 de sept al 04 oct'26,2026-10-04,Proyección,Saldos,,RESERVA GASBAN,MMm³,8.33,
PS_20261002.pdf,2026-10-02,vie 02 - oct 18 hs,28 de sept al 04 oct'26,2026-10-05,Proyección,Temperatura,,Temperatura Media Estimada Anillo Bs.As.,°C,18.0,
PS_20261002.pdf,2026-10-02,vie 02 - oct 18 hs,28 de sept al 04 oct'26,2026-10-05,Proyección,Demanda total,,DEMANDA TOTAL,MMm³,133.3,
PS_20261002.pdf,2026-10-02,vie 02 - oct 18 hs,28 de sept al 04 oct'26,2026-10-05,Proyección,A- Dentro de sistemas de transporte,,A- DENTRO DE SISTEMAS DE TRANSPORTE,MMm³,118.3,
PS_20261002.pdf,2026-10-02,vie 02 - oct 18 hs,28 de sept al 04 oct'26,2026-10-05,Proyección,A- Dentro de sistemas de transporte,,Demanda Prioritaria (R+SGP),MMm³,43.2,
PS_20261002.pdf,2026-10-02,vie 02 - oct 18 hs,28 de sept al 04 oct'26,2026-10-05,Proyección,A- Dentro de sistemas de transporte,,Ajuste de Demanda (conforme a proyecciones del Sist. de Transporte),MMm³,1.3,
PS_20261002.pdf,2026-10-02,vie 02 - oct 18 hs,28 de sept al 04 oct'26,2026-10-05,Proyección,A- Dentro de sistemas de transporte,,Gas Combustible,MMm³,3.3,
PS_20261002.pdf,2026-10-02,vie 02 - oct 18 hs,28 de sept al 04 oct'26,2026-10-05,Proyección,A- Dentro de sistemas de transporte,,GNC,MMm³,5.7,
PS_20261002.pdf,2026-10-02,vie 02 - oct 18 hs,28 de sept al 04 oct'26,2026-10-05,Proyección,A- Dentro de sistemas de transporte,,Industria (P3+GU+Grandes C.),MMm³,36.1,
PS_20261002.pdf,2026-10-02,vie 02 - oct 18 hs,28 de sept al 04 oct'26,2026-10-05,Proyección,A- Dentro de sistemas de transporte,,Usinas dentro del Sistema de Transporte,MMm³,24.6,
PS_20261002.pdf,2026-10-02,vie 02 - oct 18 hs,28 de sept al 04 oct'26,2026-10-05,Proyección,A- Dentro de sistemas de transporte,,Exportaciones en el Sistema de Transporte TGN,MMm³,2.0,
PS_20261002.pdf,2026-10-02,vie 02 - oct 18 hs,28 de sept al 04 oct'26,2026-10-05,Proyección,A- Dentro de sistemas de transporte,,Exportaciones en el Sistema de Transporte TGS,MMm³,2.0,
PS_20261002.pdf,2026-10-02,vie 02 - oct 18 hs,28 de sept al 04 oct'26,2026-10-05,Proyección,B- Fuera de sistemas de transporte,,B- FUERA DE SISTEMAS DE TRANSPORTE,MMm³,15.0,
PS_20261002.pdf,2026-10-02,vie 02 - oct 18 hs,28 de sept al 04 oct'26,2026-10-05,Proyección,B- Fuera de sistemas de transporte,,Demanda Tierra del Fuego,MMm³,0.7,
PS_20261002.pdf,2026-10-02,vie 02 - oct 18 hs,28 de sept al 04 oct'26,2026-10-05,Proyección,B- Fuera de sistemas de transporte,,Usinas en Boca Pozo,MMm³,3.6,
PS_20261002.pdf,2026-10-02,vie 02 - oct 18 hs,28 de sept al 04 oct'26,2026-10-05,Proyección,B- Fuera de sistemas de transporte,,Gas Pacífico,MMm³,1.0,
PS_20261002.pdf,2026-10-02,vie 02 - oct 18 hs,28 de sept al 04 oct'26,2026-10-05,Proyección,B- Fuera de sistemas de transporte,,Mega + Metanol,MMm³,8.2,
PS_20261002.pdf,2026-10-02,vie 02 - oct 18 hs,28 de sept al 04 oct'26,2026-10-05,Proyección,B- Fuera de sistemas de transporte,,Refinor,MMm³,0.4,
PS_20261002.pdf,2026-10-02,vie 02 - oct 18 hs,28 de sept al 04 oct'26,2026-10-05,Proyección,B- Fuera de sistemas de transporte,,Gas Atacama,MMm³,0.0,
PS_20261002.pdf,2026-10-02,vie 02 - oct 18 hs,28 de sept al 04 oct'26,2026-10-05,Proyección,B- Fuera de sistemas de transporte,,Methanex,MMm³,1.1,
PS_20261002.pdf,2026-10-02,vie 02 - oct 18 hs,28 de sept al 04 oct'26,2026-10-05,Proyección,Inyecciones (TGN + TGS + ENARSA),,INYECCIONES (TGN + TGS + ENARSA),MMm³,119.0,
PS_20261002.pdf,2026-10-02,vie 02 - oct 18 hs,28 de sept al 04 oct'26,2026-10-05,Proyección,Inyecciones (TGN + TGS + ENARSA),,PRODUCTORES - INYECCION NACIONAL,MMm³,119.0,
PS_20261002.pdf,2026-10-02,vie 02 - oct 18 hs,28 de sept al 04 oct'26,2026-10-05,Proyección,Inyecciones (TGN + TGS + ENARSA),,TGS,MMm³,68.6,
PS_20261002.pdf,2026-10-02,vie 02 - oct 18 hs,28 de sept al 04 oct'26,2026-10-05,Proyección,Inyecciones (TGN + TGS + ENARSA),TGS,Sur,MMm³,23.2,
PS_20261002.pdf,2026-10-02,vie 02 - oct 18 hs,28 de sept al 04 oct'26,2026-10-05,Proyección,Inyecciones (TGN + TGS + ENARSA),TGS,Neuba I,MMm³,7.4,
PS_20261002.pdf,2026-10-02,vie 02 - oct 18 hs,28 de sept al 04 oct'26,2026-10-05,Proyección,Inyecciones (TGN + TGS + ENARSA),TGS,Neuba II,MMm³,38.0,
PS_20261002.pdf,2026-10-02,vie 02 - oct 18 hs,28 de sept al 04 oct'26,2026-10-05,Proyección,Inyecciones (TGN + TGS + ENARSA),TGS,Patagónico,MMm³,0.0,
PS_20261002.pdf,2026-10-02,vie 02 - oct 18 hs,28 de sept al 04 oct'26,2026-10-05,Proyección,Inyecciones (TGN + TGS + ENARSA),,TGN,MMm³,29.4,
PS_20261002.pdf,2026-10-02,vie 02 - oct 18 hs,28 de sept al 04 oct'26,2026-10-05,Proyección,Inyecciones (TGN + TGS + ENARSA),TGN,Norte (incluye importación),MMm³,1.9,
PS_20261002.pdf,2026-10-02,vie 02 - oct 18 hs,28 de sept al 04 oct'26,2026-10-05,Proyección,Inyecciones (TGN + TGS + ENARSA),TGN,Neuquén,MMm³,27.5,
PS_20261002.pdf,2026-10-02,vie 02 - oct 18 hs,28 de sept al 04 oct'26,2026-10-05,Proyección,Inyecciones (TGN + TGS + ENARSA),,ENARSA,MMm³,21.0,
PS_20261002.pdf,2026-10-02,vie 02 - oct 18 hs,28 de sept al 04 oct'26,2026-10-05,Proyección,Inyecciones (TGN + TGS + ENARSA),ENARSA,GPFM,MMm³,21.0,
PS_20261002.pdf,2026-10-02,vie 02 - oct 18 hs,28 de sept al 04 oct'26,2026-10-05,Proyección,Otras inyecciones,,BOLIVIA,MMm³,0.0,
PS_20261002.pdf,2026-10-02,vie 02 - oct 18 hs,28 de sept al 04 oct'26,2026-10-05,Proyección,Otras inyecciones,,Inyección desde Chile,MMm³,0.0,
PS_20261002.pdf,2026-10-02,vie 02 - oct 18 hs,28 de sept al 04 oct'26,2026-10-05,Proyección,Otras inyecciones,,PEAK SHAVING,MMm³,0.0,
PS_20261002.pdf,2026-10-02,vie 02 - oct 18 hs,28 de sept al 04 oct'26,2026-10-05,Proyección,Otras inyecciones,,INYECCIÓN BUQUE ESCOBAR,MMm³,0.0,
PS_20261002.pdf,2026-10-02,vie 02 - oct 18 hs,28 de sept al 04 oct'26,2026-10-05,Proyección,Stock (linepack),,STOCK (TGN+TGS),MMm³,370.9,312-368
PS_20261002.pdf,2026-10-02,vie 02 - oct 18 hs,28 de sept al 04 oct'26,2026-10-05,Proyección,Stock (linepack),,DELTA,MMm³,0.7,
PS_20261002.pdf,2026-10-02,vie 02 - oct 18 hs,28 de sept al 04 oct'26,2026-10-05,Proyección,Stock (linepack),,TGS,MMm³,235.84,215-235
PS_20261002.pdf,2026-10-02,vie 02 - oct 18 hs,28 de sept al 04 oct'26,2026-10-05,Proyección,Stock (linepack),,TGN,MMm³,135.07,110-142
PS_20261002.pdf,2026-10-02,vie 02 - oct 18 hs,28 de sept al 04 oct'26,2026-10-05,Proyección,Stock (linepack),,TRAMOS INICIALES,MMm³,273.85,218-254
PS_20261002.pdf,2026-10-02,vie 02 - oct 18 hs,28 de sept al 04 oct'26,2026-10-05,Proyección,Stock (linepack),,TRAMOS FINALES,MMm³,97.05,85-101
PS_20261002.pdf,2026-10-02,vie 02 - oct 18 hs,28 de sept al 04 oct'26,2026-10-05,Proyección,Stock (linepack),TRAMOS FINALES,TGS,MMm³,81.8,
PS_20261002.pdf,2026-10-02,vie 02 - oct 18 hs,28 de sept al 04 oct'26,2026-10-05,Proyección,Stock (linepack),TRAMOS FINALES,TGN,MMm³,15.25,
PS_20261002.pdf,2026-10-02,vie 02 - oct 18 hs,28 de sept al 04 oct'26,2026-10-05,Proyección,Saldos,,BUQUE REGASIFICADOR (ESC),MMm³,57.91,
PS_20261002.pdf,2026-10-02,vie 02 - oct 18 hs,28 de sept al 04 oct'26,2026-10-05,Proyección,Saldos,,RESERVA GASBAN,MMm³,8.33,
PS_20261002.pdf,2026-10-02,vie 02 - oct 18 hs,28 de sept al 04 oct'26,2026-10-06,Proyección,Temperatura,,Temperatura Media Estimada Anillo Bs.As.,°C,17.5,
PS_20261002.pdf,2026-10-02,vie 02 - oct 18 hs,28 de sept al 04 oct'26,2026-10-06,Proyección,Demanda total,,DEMANDA TOTAL,MMm³,133.7,
PS_20261002.pdf,2026-10-02,vie 02 - oct 18 hs,28 de sept al 04 oct'26,2026-10-06,Proyección,A- Dentro de sistemas de transporte,,A- DENTRO DE SISTEMAS DE TRANSPORTE,MMm³,118.8,
PS_20261002.pdf,2026-10-02,vie 02 - oct 18 hs,28 de sept al 04 oct'26,2026-10-06,Proyección,A- Dentro de sistemas de transporte,,Demanda Prioritaria (R+SGP),MMm³,43.8,
PS_20261002.pdf,2026-10-02,vie 02 - oct 18 hs,28 de sept al 04 oct'26,2026-10-06,Proyección,A- Dentro de sistemas de transporte,,Ajuste de Demanda (conforme a proyecciones del Sist. de Transporte),MMm³,0.8,
PS_20261002.pdf,2026-10-02,vie 02 - oct 18 hs,28 de sept al 04 oct'26,2026-10-06,Proyección,A- Dentro de sistemas de transporte,,Gas Combustible,MMm³,3.3,
PS_20261002.pdf,2026-10-02,vie 02 - oct 18 hs,28 de sept al 04 oct'26,2026-10-06,Proyección,A- Dentro de sistemas de transporte,,GNC,MMm³,5.7,
PS_20261002.pdf,2026-10-02,vie 02 - oct 18 hs,28 de sept al 04 oct'26,2026-10-06,Proyección,A- Dentro de sistemas de transporte,,Industria (P3+GU+Grandes C.),MMm³,36.3,
PS_20261002.pdf,2026-10-02,vie 02 - oct 18 hs,28 de sept al 04 oct'26,2026-10-06,Proyección,A- Dentro de sistemas de transporte,,Usinas dentro del Sistema de Transporte,MMm³,24.9,
PS_20261002.pdf,2026-10-02,vie 02 - oct 18 hs,28 de sept al 04 oct'26,2026-10-06,Proyección,A- Dentro de sistemas de transporte,,Exportaciones en el Sistema de Transporte TGN,MMm³,2.0,
PS_20261002.pdf,2026-10-02,vie 02 - oct 18 hs,28 de sept al 04 oct'26,2026-10-06,Proyección,A- Dentro de sistemas de transporte,,Exportaciones en el Sistema de Transporte TGS,MMm³,2.0,
PS_20261002.pdf,2026-10-02,vie 02 - oct 18 hs,28 de sept al 04 oct'26,2026-10-06,Proyección,B- Fuera de sistemas de transporte,,B- FUERA DE SISTEMAS DE TRANSPORTE,MMm³,14.9,
PS_20261002.pdf,2026-10-02,vie 02 - oct 18 hs,28 de sept al 04 oct'26,2026-10-06,Proyección,B- Fuera de sistemas de transporte,,Demanda Tierra del Fuego,MMm³,0.7,
PS_20261002.pdf,2026-10-02,vie 02 - oct 18 hs,28 de sept al 04 oct'26,2026-10-06,Proyección,B- Fuera de sistemas de transporte,,Usinas en Boca Pozo,MMm³,3.6,
PS_20261002.pdf,2026-10-02,vie 02 - oct 18 hs,28 de sept al 04 oct'26,2026-10-06,Proyección,B- Fuera de sistemas de transporte,,Gas Pacífico,MMm³,1.0,
PS_20261002.pdf,2026-10-02,vie 02 - oct 18 hs,28 de sept al 04 oct'26,2026-10-06,Proyección,B- Fuera de sistemas de transporte,,Mega + Metanol,MMm³,8.2,
PS_20261002.pdf,2026-10-02,vie 02 - oct 18 hs,28 de sept al 04 oct'26,2026-10-06,Proyección,B- Fuera de sistemas de transporte,,Refinor,MMm³,0.4,
PS_20261002.pdf,2026-10-02,vie 02 - oct 18 hs,28 de sept al 04 oct'26,2026-10-06,Proyección,B- Fuera de sistemas de transporte,,Gas Atacama,MMm³,0.0,
PS_20261002.pdf,2026-10-02,vie 02 - oct 18 hs,28 de sept al 04 oct'26,2026-10-06,Proyección,B- Fuera de sistemas de transporte,,Methanex,MMm³,1.1,
PS_20261002.pdf,2026-10-02,vie 02 - oct 18 hs,28 de sept al 04 oct'26,2026-10-06,Proyección,Inyecciones (TGN + TGS + ENARSA),,INYECCIONES (TGN + TGS + ENARSA),MMm³,119.5,
PS_20261002.pdf,2026-10-02,vie 02 - oct 18 hs,28 de sept al 04 oct'26,2026-10-06,Proyección,Inyecciones (TGN + TGS + ENARSA),,PRODUCTORES - INYECCION NACIONAL,MMm³,119.5,
PS_20261002.pdf,2026-10-02,vie 02 - oct 18 hs,28 de sept al 04 oct'26,2026-10-06,Proyección,Inyecciones (TGN + TGS + ENARSA),,TGS,MMm³,68.6,
PS_20261002.pdf,2026-10-02,vie 02 - oct 18 hs,28 de sept al 04 oct'26,2026-10-06,Proyección,Inyecciones (TGN + TGS + ENARSA),TGS,Sur,MMm³,23.2,
PS_20261002.pdf,2026-10-02,vie 02 - oct 18 hs,28 de sept al 04 oct'26,2026-10-06,Proyección,Inyecciones (TGN + TGS + ENARSA),TGS,Neuba I,MMm³,7.4,
PS_20261002.pdf,2026-10-02,vie 02 - oct 18 hs,28 de sept al 04 oct'26,2026-10-06,Proyección,Inyecciones (TGN + TGS + ENARSA),TGS,Neuba II,MMm³,38.0,
PS_20261002.pdf,2026-10-02,vie 02 - oct 18 hs,28 de sept al 04 oct'26,2026-10-06,Proyección,Inyecciones (TGN + TGS + ENARSA),TGS,Patagónico,MMm³,0.0,
PS_20261002.pdf,2026-10-02,vie 02 - oct 18 hs,28 de sept al 04 oct'26,2026-10-06,Proyección,Inyecciones (TGN + TGS + ENARSA),,TGN,MMm³,29.9,
PS_20261002.pdf,2026-10-02,vie 02 - oct 18 hs,28 de sept al 04 oct'26,2026-10-06,Proyección,Inyecciones (TGN + TGS + ENARSA),TGN,Norte (incluye importación),MMm³,1.9,
PS_20261002.pdf,2026-10-02,vie 02 - oct 18 hs,28 de sept al 04 oct'26,2026-10-06,Proyección,Inyecciones (TGN + TGS + ENARSA),TGN,Neuquén,MMm³,28.0,
PS_20261002.pdf,2026-10-02,vie 02 - oct 18 hs,28 de sept al 04 oct'26,2026-10-06,Proyección,Inyecciones (TGN + TGS + ENARSA),,ENARSA,MMm³,21.0,
PS_20261002.pdf,2026-10-02,vie 02 - oct 18 hs,28 de sept al 04 oct'26,2026-10-06,Proyección,Inyecciones (TGN + TGS + ENARSA),ENARSA,GPFM,MMm³,21.0,
PS_20261002.pdf,2026-10-02,vie 02 - oct 18 hs,28 de sept al 04 oct'26,2026-10-06,Proyección,Otras inyecciones,,BOLIVIA,MMm³,0.0,
PS_20261002.pdf,2026-10-02,vie 02 - oct 18 hs,28 de sept al 04 oct'26,2026-10-06,Proyección,Otras inyecciones,,Inyección desde Chile,MMm³,0.0,
PS_20261002.pdf,2026-10-02,vie 02 - oct 18 hs,28 de sept al 04 oct'26,2026-10-06,Proyección,Otras inyecciones,,PEAK SHAVING,MMm³,0.0,
PS_20261002.pdf,2026-10-02,vie 02 - oct 18 hs,28 de sept al 04 oct'26,2026-10-06,Proyección,Otras inyecciones,,INYECCIÓN BUQUE ESCOBAR,MMm³,0.0,
PS_20261002.pdf,2026-10-02,vie 02 - oct 18 hs,28 de sept al 04 oct'26,2026-10-06,Proyección,Stock (linepack),,STOCK (TGN+TGS),MMm³,371.6,312-368
PS_20261002.pdf,2026-10-02,vie 02 - oct 18 hs,28 de sept al 04 oct'26,2026-10-06,Proyección,Stock (linepack),,DELTA,MMm³,0.7,
PS_20261002.pdf,2026-10-02,vie 02 - oct 18 hs,28 de sept al 04 oct'26,2026-10-06,Proyección,Stock (linepack),,TGS,MMm³,236.39,215-235
PS_20261002.pdf,2026-10-02,vie 02 - oct 18 hs,28 de sept al 04 oct'26,2026-10-06,Proyección,Stock (linepack),,TGN,MMm³,135.21,110-142
PS_20261002.pdf,2026-10-02,vie 02 - oct 18 hs,28 de sept al 04 oct'26,2026-10-06,Proyección,Stock (linepack),,TRAMOS INICIALES,MMm³,273.34,218-254
PS_20261002.pdf,2026-10-02,vie 02 - oct 18 hs,28 de sept al 04 oct'26,2026-10-06,Proyección,Stock (linepack),,TRAMOS FINALES,MMm³,98.26,85-101
PS_20261002.pdf,2026-10-02,vie 02 - oct 18 hs,28 de sept al 04 oct'26,2026-10-06,Proyección,Stock (linepack),TRAMOS FINALES,TGS,MMm³,83.38,
PS_20261002.pdf,2026-10-02,vie 02 - oct 18 hs,28 de sept al 04 oct'26,2026-10-06,Proyección,Stock (linepack),TRAMOS FINALES,TGN,MMm³,14.88,
PS_20261002.pdf,2026-10-02,vie 02 - oct 18 hs,28 de sept al 04 oct'26,2026-10-06,Proyección,Saldos,,BUQUE REGASIFICADOR (ESC),MMm³,57.78,
PS_20261002.pdf,2026-10-02,vie 02 - oct 18 hs,28 de sept al 04 oct'26,2026-10-06,Proyección,Saldos,,RESERVA GASBAN,MMm³,8.33,
PS_20261005.pdf,2026-10-05,lun 05 - oct 18 hs,05 de oct al 11 oct'26,2026-10-02,Programado,Temperatura,,Temperatura Media Estimada Anillo Bs.As.,°C,12.0,
PS_20261005.pdf,2026-10-05,lun 05 - oct 18 hs,05 de oct al 11 oct'26,2026-10-02,Real,Temperatura,,Temperatura Media Estimada Anillo Bs.As.,°C,14.8,
PS_20261005.pdf,2026-10-05,lun 05 - oct 18 hs,05 de oct al 11 oct'26,2026-10-02,Programado,Demanda total,,DEMANDA TOTAL,MMm³,136.7,
PS_20261005.pdf,2026-10-05,lun 05 - oct 18 hs,05 de oct al 11 oct'26,2026-10-02,Real,Demanda total,,DEMANDA TOTAL,MMm³,136.1,
PS_20261005.pdf,2026-10-05,lun 05 - oct 18 hs,05 de oct al 11 oct'26,2026-10-02,Programado,A- Dentro de sistemas de transporte,,A- DENTRO DE SISTEMAS DE TRANSPORTE,MMm³,121.3,
PS_20261005.pdf,2026-10-05,lun 05 - oct 18 hs,05 de oct al 11 oct'26,2026-10-02,Real,A- Dentro de sistemas de transporte,,A- DENTRO DE SISTEMAS DE TRANSPORTE,MMm³,120.6,
PS_20261005.pdf,2026-10-05,lun 05 - oct 18 hs,05 de oct al 11 oct'26,2026-10-02,Programado,A- Dentro de sistemas de transporte,,Demanda Prioritaria (R+SGP),MMm³,50.7,
PS_20261005.pdf,2026-10-05,lun 05 - oct 18 hs,05 de oct al 11 oct'26,2026-10-02,Real,A- Dentro de sistemas de transporte,,Demanda Prioritaria (R+SGP),MMm³,48.4,
PS_20261005.pdf,2026-10-05,lun 05 - oct 18 hs,05 de oct al 11 oct'26,2026-10-02,Programado,A- Dentro de sistemas de transporte,,Ajuste de Demanda (conforme a proyecciones del Sist. de Transporte),MMm³,1.8,
PS_20261005.pdf,2026-10-05,lun 05 - oct 18 hs,05 de oct al 11 oct'26,2026-10-02,Real,A- Dentro de sistemas de transporte,,Ajuste de Demanda (conforme a proyecciones del Sist. de Transporte),MMm³,3.4,
PS_20261005.pdf,2026-10-05,lun 05 - oct 18 hs,05 de oct al 11 oct'26,2026-10-02,Programado,A- Dentro de sistemas de transporte,,Gas Combustible,MMm³,3.4,
PS_20261005.pdf,2026-10-05,lun 05 - oct 18 hs,05 de oct al 11 oct'26,2026-10-02,Real,A- Dentro de sistemas de transporte,,Gas Combustible,MMm³,3.6,
PS_20261005.pdf,2026-10-05,lun 05 - oct 18 hs,05 de oct al 11 oct'26,2026-10-02,Programado,A- Dentro de sistemas de transporte,,GNC,MMm³,5.9,
PS_20261005.pdf,2026-10-05,lun 05 - oct 18 hs,05 de oct al 11 oct'26,2026-10-02,Real,A- Dentro de sistemas de transporte,,GNC,MMm³,6.1,
PS_20261005.pdf,2026-10-05,lun 05 - oct 18 hs,05 de oct al 11 oct'26,2026-10-02,Programado,A- Dentro de sistemas de transporte,,Industria (P3+GU+Grandes C.),MMm³,36.1,
PS_20261005.pdf,2026-10-05,lun 05 - oct 18 hs,05 de oct al 11 oct'26,2026-10-02,Real,A- Dentro de sistemas de transporte,,Industria (P3+GU+Grandes C.),MMm³,35.4,
PS_20261005.pdf,2026-10-05,lun 05 - oct 18 hs,05 de oct al 11 oct'26,2026-10-02,Programado,A- Dentro de sistemas de transporte,,Usinas dentro del Sistema de Transporte,MMm³,19.2,
PS_20261005.pdf,2026-10-05,lun 05 - oct 18 hs,05 de oct al 11 oct'26,2026-10-02,Real,A- Dentro de sistemas de transporte,,Usinas dentro del Sistema de Transporte,MMm³,19.7,
PS_20261005.pdf,2026-10-05,lun 05 - oct 18 hs,05 de oct al 11 oct'26,2026-10-02,Programado,A- Dentro de sistemas de transporte,,Exportaciones en el Sistema de Transporte TGN,MMm³,2.0,
PS_20261005.pdf,2026-10-05,lun 05 - oct 18 hs,05 de oct al 11 oct'26,2026-10-02,Real,A- Dentro de sistemas de transporte,,Exportaciones en el Sistema de Transporte TGN,MMm³,2.0,
PS_20261005.pdf,2026-10-05,lun 05 - oct 18 hs,05 de oct al 11 oct'26,2026-10-02,Programado,A- Dentro de sistemas de transporte,,Exportaciones en el Sistema de Transporte TGS,MMm³,2.0,
PS_20261005.pdf,2026-10-05,lun 05 - oct 18 hs,05 de oct al 11 oct'26,2026-10-02,Real,A- Dentro de sistemas de transporte,,Exportaciones en el Sistema de Transporte TGS,MMm³,2.0,
PS_20261005.pdf,2026-10-05,lun 05 - oct 18 hs,05 de oct al 11 oct'26,2026-10-02,Programado,B- Fuera de sistemas de transporte,,B- FUERA DE SISTEMAS DE TRANSPORTE,MMm³,15.5,
PS_20261005.pdf,2026-10-05,lun 05 - oct 18 hs,05 de oct al 11 oct'26,2026-10-02,Real,B- Fuera de sistemas de transporte,,B- FUERA DE SISTEMAS DE TRANSPORTE,MMm³,15.4,
PS_20261005.pdf,2026-10-05,lun 05 - oct 18 hs,05 de oct al 11 oct'26,2026-10-02,Programado,B- Fuera de sistemas de transporte,,Demanda Tierra del Fuego,MMm³,0.7,
PS_20261005.pdf,2026-10-05,lun 05 - oct 18 hs,05 de oct al 11 oct'26,2026-10-02,Real,B- Fuera de sistemas de transporte,,Demanda Tierra del Fuego,MMm³,0.6,
PS_20261005.pdf,2026-10-05,lun 05 - oct 18 hs,05 de oct al 11 oct'26,2026-10-02,Programado,B- Fuera de sistemas de transporte,,Usinas en Boca Pozo,MMm³,4.1,
PS_20261005.pdf,2026-10-05,lun 05 - oct 18 hs,05 de oct al 11 oct'26,2026-10-02,Real,B- Fuera de sistemas de transporte,,Usinas en Boca Pozo,MMm³,4.2,
PS_20261005.pdf,2026-10-05,lun 05 - oct 18 hs,05 de oct al 11 oct'26,2026-10-02,Programado,B- Fuera de sistemas de transporte,,Gas Pacífico,MMm³,1.0,
PS_20261005.pdf,2026-10-05,lun 05 - oct 18 hs,05 de oct al 11 oct'26,2026-10-02,Real,B- Fuera de sistemas de transporte,,Gas Pacífico,MMm³,0.8,
PS_20261005.pdf,2026-10-05,lun 05 - oct 18 hs,05 de oct al 11 oct'26,2026-10-02,Programado,B- Fuera de sistemas de transporte,,Mega + Metanol,MMm³,8.2,
PS_20261005.pdf,2026-10-05,lun 05 - oct 18 hs,05 de oct al 11 oct'26,2026-10-02,Real,B- Fuera de sistemas de transporte,,Mega + Metanol,MMm³,8.4,
PS_20261005.pdf,2026-10-05,lun 05 - oct 18 hs,05 de oct al 11 oct'26,2026-10-02,Programado,B- Fuera de sistemas de transporte,,Refinor,MMm³,0.4,
PS_20261005.pdf,2026-10-05,lun 05 - oct 18 hs,05 de oct al 11 oct'26,2026-10-02,Real,B- Fuera de sistemas de transporte,,Refinor,MMm³,0.4,
PS_20261005.pdf,2026-10-05,lun 05 - oct 18 hs,05 de oct al 11 oct'26,2026-10-02,Programado,B- Fuera de sistemas de transporte,,Gas Atacama,MMm³,0.0,
PS_20261005.pdf,2026-10-05,lun 05 - oct 18 hs,05 de oct al 11 oct'26,2026-10-02,Real,B- Fuera de sistemas de transporte,,Gas Atacama,MMm³,0.0,
PS_20261005.pdf,2026-10-05,lun 05 - oct 18 hs,05 de oct al 11 oct'26,2026-10-02,Programado,B- Fuera de sistemas de transporte,,Methanex,MMm³,1.1,
PS_20261005.pdf,2026-10-05,lun 05 - oct 18 hs,05 de oct al 11 oct'26,2026-10-02,Real,B- Fuera de sistemas de transporte,,Methanex,MMm³,1.1,
PS_20261005.pdf,2026-10-05,lun 05 - oct 18 hs,05 de oct al 11 oct'26,2026-10-02,Programado,Inyecciones (TGN + TGS + ENARSA),,INYECCIONES (TGN + TGS + ENARSA),MMm³,118.4,
PS_20261005.pdf,2026-10-05,lun 05 - oct 18 hs,05 de oct al 11 oct'26,2026-10-02,Real,Inyecciones (TGN + TGS + ENARSA),,INYECCIONES (TGN + TGS + ENARSA),MMm³,118.0,
PS_20261005.pdf,2026-10-05,lun 05 - oct 18 hs,05 de oct al 11 oct'26,2026-10-02,Programado,Inyecciones (TGN + TGS + ENARSA),,PRODUCTORES - INYECCION NACIONAL,MMm³,118.4,
PS_20261005.pdf,2026-10-05,lun 05 - oct 18 hs,05 de oct al 11 oct'26,2026-10-02,Real,Inyecciones (TGN + TGS + ENARSA),,PRODUCTORES - INYECCION NACIONAL,MMm³,118.0,
PS_20261005.pdf,2026-10-05,lun 05 - oct 18 hs,05 de oct al 11 oct'26,2026-10-02,Programado,Inyecciones (TGN + TGS + ENARSA),,TGS,MMm³,70.0,
PS_20261005.pdf,2026-10-05,lun 05 - oct 18 hs,05 de oct al 11 oct'26,2026-10-02,Real,Inyecciones (TGN + TGS + ENARSA),,TGS,MMm³,74.0,
PS_20261005.pdf,2026-10-05,lun 05 - oct 18 hs,05 de oct al 11 oct'26,2026-10-02,Programado,Inyecciones (TGN + TGS + ENARSA),TGS,Sur,MMm³,23.6,
PS_20261005.pdf,2026-10-05,lun 05 - oct 18 hs,05 de oct al 11 oct'26,2026-10-02,Real,Inyecciones (TGN + TGS + ENARSA),TGS,Sur,MMm³,25.2,
PS_20261005.pdf,2026-10-05,lun 05 - oct 18 hs,05 de oct al 11 oct'26,2026-10-02,Programado,Inyecciones (TGN + TGS + ENARSA),TGS,Neuba I,MMm³,7.4,
PS_20261005.pdf,2026-10-05,lun 05 - oct 18 hs,05 de oct al 11 oct'26,2026-10-02,Real,Inyecciones (TGN + TGS + ENARSA),TGS,Neuba I,MMm³,10.2,
PS_20261005.pdf,2026-10-05,lun 05 - oct 18 hs,05 de oct al 11 oct'26,2026-10-02,Programado,Inyecciones (TGN + TGS + ENARSA),TGS,Neuba II,MMm³,39.0,
PS_20261005.pdf,2026-10-05,lun 05 - oct 18 hs,05 de oct al 11 oct'26,2026-10-02,Real,Inyecciones (TGN + TGS + ENARSA),TGS,Neuba II,MMm³,38.7,
PS_20261005.pdf,2026-10-05,lun 05 - oct 18 hs,05 de oct al 11 oct'26,2026-10-02,Programado,Inyecciones (TGN + TGS + ENARSA),TGS,Patagónico,MMm³,0.0,
PS_20261005.pdf,2026-10-05,lun 05 - oct 18 hs,05 de oct al 11 oct'26,2026-10-02,Real,Inyecciones (TGN + TGS + ENARSA),TGS,Patagónico,MMm³,0.0,
PS_20261005.pdf,2026-10-05,lun 05 - oct 18 hs,05 de oct al 11 oct'26,2026-10-02,Programado,Inyecciones (TGN + TGS + ENARSA),,TGN,MMm³,27.9,
PS_20261005.pdf,2026-10-05,lun 05 - oct 18 hs,05 de oct al 11 oct'26,2026-10-02,Real,Inyecciones (TGN + TGS + ENARSA),,TGN,MMm³,25.0,
PS_20261005.pdf,2026-10-05,lun 05 - oct 18 hs,05 de oct al 11 oct'26,2026-10-02,Programado,Inyecciones (TGN + TGS + ENARSA),TGN,Norte (incluye importación),MMm³,1.9,
PS_20261005.pdf,2026-10-05,lun 05 - oct 18 hs,05 de oct al 11 oct'26,2026-10-02,Real,Inyecciones (TGN + TGS + ENARSA),TGN,Norte (incluye importación),MMm³,1.8,
PS_20261005.pdf,2026-10-05,lun 05 - oct 18 hs,05 de oct al 11 oct'26,2026-10-02,Programado,Inyecciones (TGN + TGS + ENARSA),TGN,Neuquén,MMm³,26.0,
PS_20261005.pdf,2026-10-05,lun 05 - oct 18 hs,05 de oct al 11 oct'26,2026-10-02,Real,Inyecciones (TGN + TGS + ENARSA),TGN,Neuquén,MMm³,23.2,
PS_20261005.pdf,2026-10-05,lun 05 - oct 18 hs,05 de oct al 11 oct'26,2026-10-02,Programado,Inyecciones (TGN + TGS + ENARSA),,ENARSA,MMm³,20.5,
PS_20261005.pdf,2026-10-05,lun 05 - oct 18 hs,05 de oct al 11 oct'26,2026-10-02,Real,Inyecciones (TGN + TGS + ENARSA),,ENARSA,MMm³,19.0,
PS_20261005.pdf,2026-10-05,lun 05 - oct 18 hs,05 de oct al 11 oct'26,2026-10-02,Programado,Inyecciones (TGN + TGS + ENARSA),ENARSA,GPFM,MMm³,20.5,
PS_20261005.pdf,2026-10-05,lun 05 - oct 18 hs,05 de oct al 11 oct'26,2026-10-02,Real,Inyecciones (TGN + TGS + ENARSA),ENARSA,GPFM,MMm³,19.0,
PS_20261005.pdf,2026-10-05,lun 05 - oct 18 hs,05 de oct al 11 oct'26,2026-10-02,Programado,Otras inyecciones,,BOLIVIA,MMm³,0.0,
PS_20261005.pdf,2026-10-05,lun 05 - oct 18 hs,05 de oct al 11 oct'26,2026-10-02,Real,Otras inyecciones,,BOLIVIA,MMm³,0.0,
PS_20261005.pdf,2026-10-05,lun 05 - oct 18 hs,05 de oct al 11 oct'26,2026-10-02,Programado,Otras inyecciones,,Inyección desde Chile,MMm³,0.0,
PS_20261005.pdf,2026-10-05,lun 05 - oct 18 hs,05 de oct al 11 oct'26,2026-10-02,Real,Otras inyecciones,,Inyección desde Chile,MMm³,0.0,
PS_20261005.pdf,2026-10-05,lun 05 - oct 18 hs,05 de oct al 11 oct'26,2026-10-02,Programado,Otras inyecciones,,PEAK SHAVING,MMm³,0.0,
PS_20261005.pdf,2026-10-05,lun 05 - oct 18 hs,05 de oct al 11 oct'26,2026-10-02,Real,Otras inyecciones,,PEAK SHAVING,MMm³,0.0,
PS_20261005.pdf,2026-10-05,lun 05 - oct 18 hs,05 de oct al 11 oct'26,2026-10-02,Programado,Otras inyecciones,,INYECCIÓN BUQUE ESCOBAR,MMm³,0.0,
PS_20261005.pdf,2026-10-05,lun 05 - oct 18 hs,05 de oct al 11 oct'26,2026-10-02,Real,Otras inyecciones,,INYECCIÓN BUQUE ESCOBAR,MMm³,0.0,
PS_20261005.pdf,2026-10-05,lun 05 - oct 18 hs,05 de oct al 11 oct'26,2026-10-02,Programado,Stock (linepack),,STOCK (TGN+TGS),MMm³,357.2,312-368
PS_20261005.pdf,2026-10-05,lun 05 - oct 18 hs,05 de oct al 11 oct'26,2026-10-02,Programado,Stock (linepack),,DELTA,MMm³,-2.9,
PS_20261005.pdf,2026-10-05,lun 05 - oct 18 hs,05 de oct al 11 oct'26,2026-10-02,Real,Stock (linepack),,DELTA,MMm³,-2.6,
PS_20261005.pdf,2026-10-05,lun 05 - oct 18 hs,05 de oct al 11 oct'26,2026-10-02,Programado,Stock (linepack),,TGS,MMm³,224.64,215-235
PS_20261005.pdf,2026-10-05,lun 05 - oct 18 hs,05 de oct al 11 oct'26,2026-10-02,Programado,Stock (linepack),,TGN,MMm³,132.56,110-142
PS_20261005.pdf,2026-10-05,lun 05 - oct 18 hs,05 de oct al 11 oct'26,2026-10-03,Programado,Temperatura,,Temperatura Media Estimada Anillo Bs.As.,°C,14.0,
PS_20261005.pdf,2026-10-05,lun 05 - oct 18 hs,05 de oct al 11 oct'26,2026-10-03,Real,Temperatura,,Temperatura Media Estimada Anillo Bs.As.,°C,14.3,
PS_20261005.pdf,2026-10-05,lun 05 - oct 18 hs,05 de oct al 11 oct'26,2026-10-03,Programado,Demanda total,,DEMANDA TOTAL,MMm³,125.6,
PS_20261005.pdf,2026-10-05,lun 05 - oct 18 hs,05 de oct al 11 oct'26,2026-10-03,Real,Demanda total,,DEMANDA TOTAL,MMm³,127.7,
PS_20261005.pdf,2026-10-05,lun 05 - oct 18 hs,05 de oct al 11 oct'26,2026-10-03,Programado,A- Dentro de sistemas de transporte,,A- DENTRO DE SISTEMAS DE TRANSPORTE,MMm³,110.6,
PS_20261005.pdf,2026-10-05,lun 05 - oct 18 hs,05 de oct al 11 oct'26,2026-10-03,Real,A- Dentro de sistemas de transporte,,A- DENTRO DE SISTEMAS DE TRANSPORTE,MMm³,112.6,
PS_20261005.pdf,2026-10-05,lun 05 - oct 18 hs,05 de oct al 11 oct'26,2026-10-03,Programado,A- Dentro de sistemas de transporte,,Demanda Prioritaria (R+SGP),MMm³,42.8,
PS_20261005.pdf,2026-10-05,lun 05 - oct 18 hs,05 de oct al 11 oct'26,2026-10-03,Real,A- Dentro de sistemas de transporte,,Demanda Prioritaria (R+SGP),MMm³,44.2,
PS_20261005.pdf,2026-10-05,lun 05 - oct 18 hs,05 de oct al 11 oct'26,2026-10-03,Programado,A- Dentro de sistemas de transporte,,Ajuste de Demanda (conforme a proyecciones del Sist. de Transporte),MMm³,1.0,
PS_20261005.pdf,2026-10-05,lun 05 - oct 18 hs,05 de oct al 11 oct'26,2026-10-03,Real,A- Dentro de sistemas de transporte,,Ajuste de Demanda (conforme a proyecciones del Sist. de Transporte),MMm³,-0.3,
PS_20261005.pdf,2026-10-05,lun 05 - oct 18 hs,05 de oct al 11 oct'26,2026-10-03,Programado,A- Dentro de sistemas de transporte,,Gas Combustible,MMm³,3.3,
PS_20261005.pdf,2026-10-05,lun 05 - oct 18 hs,05 de oct al 11 oct'26,2026-10-03,Real,A- Dentro de sistemas de transporte,,Gas Combustible,MMm³,2.9,
PS_20261005.pdf,2026-10-05,lun 05 - oct 18 hs,05 de oct al 11 oct'26,2026-10-03,Programado,A- Dentro de sistemas de transporte,,GNC,MMm³,5.8,
PS_20261005.pdf,2026-10-05,lun 05 - oct 18 hs,05 de oct al 11 oct'26,2026-10-03,Real,A- Dentro de sistemas de transporte,,GNC,MMm³,5.6,
PS_20261005.pdf,2026-10-05,lun 05 - oct 18 hs,05 de oct al 11 oct'26,2026-10-03,Programado,A- Dentro de sistemas de transporte,,Industria (P3+GU+Grandes C.),MMm³,35.0,
PS_20261005.pdf,2026-10-05,lun 05 - oct 18 hs,05 de oct al 11 oct'26,2026-10-03,Real,A- Dentro de sistemas de transporte,,Industria (P3+GU+Grandes C.),MMm³,34.6,
PS_20261005.pdf,2026-10-05,lun 05 - oct 18 hs,05 de oct al 11 oct'26,2026-10-03,Programado,A- Dentro de sistemas de transporte,,Usinas dentro del Sistema de Transporte,MMm³,18.6,
PS_20261005.pdf,2026-10-05,lun 05 - oct 18 hs,05 de oct al 11 oct'26,2026-10-03,Real,A- Dentro de sistemas de transporte,,Usinas dentro del Sistema de Transporte,MMm³,21.1,
PS_20261005.pdf,2026-10-05,lun 05 - oct 18 hs,05 de oct al 11 oct'26,2026-10-03,Programado,A- Dentro de sistemas de transporte,,Exportaciones en el Sistema de Transporte TGN,MMm³,2.0,
PS_20261005.pdf,2026-10-05,lun 05 - oct 18 hs,05 de oct al 11 oct'26,2026-10-03,Real,A- Dentro de sistemas de transporte,,Exportaciones en el Sistema de Transporte TGN,MMm³,2.3,
PS_20261005.pdf,2026-10-05,lun 05 - oct 18 hs,05 de oct al 11 oct'26,2026-10-03,Programado,A- Dentro de sistemas de transporte,,Exportaciones en el Sistema de Transporte TGS,MMm³,2.0,
PS_20261005.pdf,2026-10-05,lun 05 - oct 18 hs,05 de oct al 11 oct'26,2026-10-03,Real,A- Dentro de sistemas de transporte,,Exportaciones en el Sistema de Transporte TGS,MMm³,2.1,
PS_20261005.pdf,2026-10-05,lun 05 - oct 18 hs,05 de oct al 11 oct'26,2026-10-03,Programado,B- Fuera de sistemas de transporte,,B- FUERA DE SISTEMAS DE TRANSPORTE,MMm³,15.1,
PS_20261005.pdf,2026-10-05,lun 05 - oct 18 hs,05 de oct al 11 oct'26,2026-10-03,Real,B- Fuera de sistemas de transporte,,B- FUERA DE SISTEMAS DE TRANSPORTE,MMm³,15.1,
PS_20261005.pdf,2026-10-05,lun 05 - oct 18 hs,05 de oct al 11 oct'26,2026-10-03,Programado,B- Fuera de sistemas de transporte,,Demanda Tierra del Fuego,MMm³,0.7,
PS_20261005.pdf,2026-10-05,lun 05 - oct 18 hs,05 de oct al 11 oct'26,2026-10-03,Real,B- Fuera de sistemas de transporte,,Demanda Tierra del Fuego,MMm³,0.6,
PS_20261005.pdf,2026-10-05,lun 05 - oct 18 hs,05 de oct al 11 oct'26,2026-10-03,Programado,B- Fuera de sistemas de transporte,,Usinas en Boca Pozo,MMm³,3.7,
PS_20261005.pdf,2026-10-05,lun 05 - oct 18 hs,05 de oct al 11 oct'26,2026-10-03,Real,B- Fuera de sistemas de transporte,,Usinas en Boca Pozo,MMm³,4.2,
PS_20261005.pdf,2026-10-05,lun 05 - oct 18 hs,05 de oct al 11 oct'26,2026-10-03,Programado,B- Fuera de sistemas de transporte,,Gas Pacífico,MMm³,1.0,
PS_20261005.pdf,2026-10-05,lun 05 - oct 18 hs,05 de oct al 11 oct'26,2026-10-03,Real,B- Fuera de sistemas de transporte,,Gas Pacífico,MMm³,0.7,
PS_20261005.pdf,2026-10-05,lun 05 - oct 18 hs,05 de oct al 11 oct'26,2026-10-03,Programado,B- Fuera de sistemas de transporte,,Mega + Metanol,MMm³,8.2,
PS_20261005.pdf,2026-10-05,lun 05 - oct 18 hs,05 de oct al 11 oct'26,2026-10-03,Real,B- Fuera de sistemas de transporte,,Mega + Metanol,MMm³,8.3,
PS_20261005.pdf,2026-10-05,lun 05 - oct 18 hs,05 de oct al 11 oct'26,2026-10-03,Programado,B- Fuera de sistemas de transporte,,Refinor,MMm³,0.4,
PS_20261005.pdf,2026-10-05,lun 05 - oct 18 hs,05 de oct al 11 oct'26,2026-10-03,Real,B- Fuera de sistemas de transporte,,Refinor,MMm³,0.3,
PS_20261005.pdf,2026-10-05,lun 05 - oct 18 hs,05 de oct al 11 oct'26,2026-10-03,Programado,B- Fuera de sistemas de transporte,,Gas Atacama,MMm³,0.0,
PS_20261005.pdf,2026-10-05,lun 05 - oct 18 hs,05 de oct al 11 oct'26,2026-10-03,Real,B- Fuera de sistemas de transporte,,Gas Atacama,MMm³,0.0,
PS_20261005.pdf,2026-10-05,lun 05 - oct 18 hs,05 de oct al 11 oct'26,2026-10-03,Programado,B- Fuera de sistemas de transporte,,Methanex,MMm³,1.1,
PS_20261005.pdf,2026-10-05,lun 05 - oct 18 hs,05 de oct al 11 oct'26,2026-10-03,Real,B- Fuera de sistemas de transporte,,Methanex,MMm³,1.1,
PS_20261005.pdf,2026-10-05,lun 05 - oct 18 hs,05 de oct al 11 oct'26,2026-10-03,Programado,Inyecciones (TGN + TGS + ENARSA),,INYECCIONES (TGN + TGS + ENARSA),MMm³,115.0,
PS_20261005.pdf,2026-10-05,lun 05 - oct 18 hs,05 de oct al 11 oct'26,2026-10-03,Real,Inyecciones (TGN + TGS + ENARSA),,INYECCIONES (TGN + TGS + ENARSA),MMm³,116.8,
PS_20261005.pdf,2026-10-05,lun 05 - oct 18 hs,05 de oct al 11 oct'26,2026-10-03,Programado,Inyecciones (TGN + TGS + ENARSA),,PRODUCTORES - INYECCION NACIONAL,MMm³,115.0,
PS_20261005.pdf,2026-10-05,lun 05 - oct 18 hs,05 de oct al 11 oct'26,2026-10-03,Real,Inyecciones (TGN + TGS + ENARSA),,PRODUCTORES - INYECCION NACIONAL,MMm³,116.8,
PS_20261005.pdf,2026-10-05,lun 05 - oct 18 hs,05 de oct al 11 oct'26,2026-10-03,Programado,Inyecciones (TGN + TGS + ENARSA),,TGS,MMm³,68.1,
PS_20261005.pdf,2026-10-05,lun 05 - oct 18 hs,05 de oct al 11 oct'26,2026-10-03,Real,Inyecciones (TGN + TGS + ENARSA),,TGS,MMm³,70.2,
PS_20261005.pdf,2026-10-05,lun 05 - oct 18 hs,05 de oct al 11 oct'26,2026-10-03,Programado,Inyecciones (TGN + TGS + ENARSA),TGS,Sur,MMm³,22.7,
PS_20261005.pdf,2026-10-05,lun 05 - oct 18 hs,05 de oct al 11 oct'26,2026-10-03,Real,Inyecciones (TGN + TGS + ENARSA),TGS,Sur,MMm³,23.8,
PS_20261005.pdf,2026-10-05,lun 05 - oct 18 hs,05 de oct al 11 oct'26,2026-10-03,Programado,Inyecciones (TGN + TGS + ENARSA),TGS,Neuba I,MMm³,7.4,
PS_20261005.pdf,2026-10-05,lun 05 - oct 18 hs,05 de oct al 11 oct'26,2026-10-03,Real,Inyecciones (TGN + TGS + ENARSA),TGS,Neuba I,MMm³,9.1,
PS_20261005.pdf,2026-10-05,lun 05 - oct 18 hs,05 de oct al 11 oct'26,2026-10-03,Programado,Inyecciones (TGN + TGS + ENARSA),TGS,Neuba II,MMm³,38.0,
PS_20261005.pdf,2026-10-05,lun 05 - oct 18 hs,05 de oct al 11 oct'26,2026-10-03,Real,Inyecciones (TGN + TGS + ENARSA),TGS,Neuba II,MMm³,37.3,
PS_20261005.pdf,2026-10-05,lun 05 - oct 18 hs,05 de oct al 11 oct'26,2026-10-03,Programado,Inyecciones (TGN + TGS + ENARSA),TGS,Patagónico,MMm³,0.0,
PS_20261005.pdf,2026-10-05,lun 05 - oct 18 hs,05 de oct al 11 oct'26,2026-10-03,Real,Inyecciones (TGN + TGS + ENARSA),TGS,Patagónico,MMm³,0.0,
PS_20261005.pdf,2026-10-05,lun 05 - oct 18 hs,05 de oct al 11 oct'26,2026-10-03,Programado,Inyecciones (TGN + TGS + ENARSA),,TGN,MMm³,27.9,
PS_20261005.pdf,2026-10-05,lun 05 - oct 18 hs,05 de oct al 11 oct'26,2026-10-03,Real,Inyecciones (TGN + TGS + ENARSA),,TGN,MMm³,27.8,
PS_20261005.pdf,2026-10-05,lun 05 - oct 18 hs,05 de oct al 11 oct'26,2026-10-03,Programado,Inyecciones (TGN + TGS + ENARSA),TGN,Norte (incluye importación),MMm³,1.9,
PS_20261005.pdf,2026-10-05,lun 05 - oct 18 hs,05 de oct al 11 oct'26,2026-10-03,Real,Inyecciones (TGN + TGS + ENARSA),TGN,Norte (incluye importación),MMm³,1.0,
PS_20261005.pdf,2026-10-05,lun 05 - oct 18 hs,05 de oct al 11 oct'26,2026-10-03,Programado,Inyecciones (TGN + TGS + ENARSA),TGN,Neuquén,MMm³,26.0,
PS_20261005.pdf,2026-10-05,lun 05 - oct 18 hs,05 de oct al 11 oct'26,2026-10-03,Real,Inyecciones (TGN + TGS + ENARSA),TGN,Neuquén,MMm³,26.8,
PS_20261005.pdf,2026-10-05,lun 05 - oct 18 hs,05 de oct al 11 oct'26,2026-10-03,Programado,Inyecciones (TGN + TGS + ENARSA),,ENARSA,MMm³,19.0,
PS_20261005.pdf,2026-10-05,lun 05 - oct 18 hs,05 de oct al 11 oct'26,2026-10-03,Real,Inyecciones (TGN + TGS + ENARSA),,ENARSA,MMm³,18.8,
PS_20261005.pdf,2026-10-05,lun 05 - oct 18 hs,05 de oct al 11 oct'26,2026-10-03,Programado,Inyecciones (TGN + TGS + ENARSA),ENARSA,GPFM,MMm³,19.0,
PS_20261005.pdf,2026-10-05,lun 05 - oct 18 hs,05 de oct al 11 oct'26,2026-10-03,Real,Inyecciones (TGN + TGS + ENARSA),ENARSA,GPFM,MMm³,18.8,
PS_20261005.pdf,2026-10-05,lun 05 - oct 18 hs,05 de oct al 11 oct'26,2026-10-03,Programado,Otras inyecciones,,BOLIVIA,MMm³,0.0,
PS_20261005.pdf,2026-10-05,lun 05 - oct 18 hs,05 de oct al 11 oct'26,2026-10-03,Real,Otras inyecciones,,BOLIVIA,MMm³,0.0,
PS_20261005.pdf,2026-10-05,lun 05 - oct 18 hs,05 de oct al 11 oct'26,2026-10-03,Programado,Otras inyecciones,,Inyección desde Chile,MMm³,0.0,
PS_20261005.pdf,2026-10-05,lun 05 - oct 18 hs,05 de oct al 11 oct'26,2026-10-03,Real,Otras inyecciones,,Inyección desde Chile,MMm³,0.0,
PS_20261005.pdf,2026-10-05,lun 05 - oct 18 hs,05 de oct al 11 oct'26,2026-10-03,Programado,Otras inyecciones,,PEAK SHAVING,MMm³,0.0,
PS_20261005.pdf,2026-10-05,lun 05 - oct 18 hs,05 de oct al 11 oct'26,2026-10-03,Real,Otras inyecciones,,PEAK SHAVING,MMm³,0.0,
PS_20261005.pdf,2026-10-05,lun 05 - oct 18 hs,05 de oct al 11 oct'26,2026-10-03,Programado,Otras inyecciones,,INYECCIÓN BUQUE ESCOBAR,MMm³,0.0,
PS_20261005.pdf,2026-10-05,lun 05 - oct 18 hs,05 de oct al 11 oct'26,2026-10-03,Real,Otras inyecciones,,INYECCIÓN BUQUE ESCOBAR,MMm³,0.0,
PS_20261005.pdf,2026-10-05,lun 05 - oct 18 hs,05 de oct al 11 oct'26,2026-10-03,Programado,Stock (linepack),,STOCK (TGN+TGS),MMm³,354.6,312-368
PS_20261005.pdf,2026-10-05,lun 05 - oct 18 hs,05 de oct al 11 oct'26,2026-10-03,Programado,Stock (linepack),,DELTA,MMm³,4.4,
PS_20261005.pdf,2026-10-05,lun 05 - oct 18 hs,05 de oct al 11 oct'26,2026-10-03,Real,Stock (linepack),,DELTA,MMm³,4.2,
PS_20261005.pdf,2026-10-05,lun 05 - oct 18 hs,05 de oct al 11 oct'26,2026-10-03,Programado,Stock (linepack),,TGS,MMm³,223.7,215-235
PS_20261005.pdf,2026-10-05,lun 05 - oct 18 hs,05 de oct al 11 oct'26,2026-10-03,Programado,Stock (linepack),,TGN,MMm³,130.87,110-142
PS_20261005.pdf,2026-10-05,lun 05 - oct 18 hs,05 de oct al 11 oct'26,2026-10-04,Programado,Temperatura,,Temperatura Media Estimada Anillo Bs.As.,°C,16.0,
PS_20261005.pdf,2026-10-05,lun 05 - oct 18 hs,05 de oct al 11 oct'26,2026-10-04,Real,Temperatura,,Temperatura Media Estimada Anillo Bs.As.,°C,18.5,
PS_20261005.pdf,2026-10-05,lun 05 - oct 18 hs,05 de oct al 11 oct'26,2026-10-04,Programado,Demanda total,,DEMANDA TOTAL,MMm³,117.9,
PS_20261005.pdf,2026-10-05,lun 05 - oct 18 hs,05 de oct al 11 oct'26,2026-10-04,Real,Demanda total,,DEMANDA TOTAL,MMm³,116.3,
PS_20261005.pdf,2026-10-05,lun 05 - oct 18 hs,05 de oct al 11 oct'26,2026-10-04,Programado,A- Dentro de sistemas de transporte,,A- DENTRO DE SISTEMAS DE TRANSPORTE,MMm³,102.8,
PS_20261005.pdf,2026-10-05,lun 05 - oct 18 hs,05 de oct al 11 oct'26,2026-10-04,Real,A- Dentro de sistemas de transporte,,A- DENTRO DE SISTEMAS DE TRANSPORTE,MMm³,101.4,
PS_20261005.pdf,2026-10-05,lun 05 - oct 18 hs,05 de oct al 11 oct'26,2026-10-04,Programado,A- Dentro de sistemas de transporte,,Demanda Prioritaria (R+SGP),MMm³,37.9,
PS_20261005.pdf,2026-10-05,lun 05 - oct 18 hs,05 de oct al 11 oct'26,2026-10-04,Real,A- Dentro de sistemas de transporte,,Demanda Prioritaria (R+SGP),MMm³,38.1,
PS_20261005.pdf,2026-10-05,lun 05 - oct 18 hs,05 de oct al 11 oct'26,2026-10-04,Programado,A- Dentro de sistemas de transporte,,Ajuste de Demanda (conforme a proyecciones del Sist. de Transporte),MMm³,0.8,
PS_20261005.pdf,2026-10-05,lun 05 - oct 18 hs,05 de oct al 11 oct'26,2026-10-04,Real,A- Dentro de sistemas de transporte,,Ajuste de Demanda (conforme a proyecciones del Sist. de Transporte),MMm³,-0.3,
PS_20261005.pdf,2026-10-05,lun 05 - oct 18 hs,05 de oct al 11 oct'26,2026-10-04,Programado,A- Dentro de sistemas de transporte,,Gas Combustible,MMm³,3.3,
PS_20261005.pdf,2026-10-05,lun 05 - oct 18 hs,05 de oct al 11 oct'26,2026-10-04,Real,A- Dentro de sistemas de transporte,,Gas Combustible,MMm³,3.4,
PS_20261005.pdf,2026-10-05,lun 05 - oct 18 hs,05 de oct al 11 oct'26,2026-10-04,Programado,A- Dentro de sistemas de transporte,,GNC,MMm³,5.2,
PS_20261005.pdf,2026-10-05,lun 05 - oct 18 hs,05 de oct al 11 oct'26,2026-10-04,Real,A- Dentro de sistemas de transporte,,GNC,MMm³,4.8,
PS_20261005.pdf,2026-10-05,lun 05 - oct 18 hs,05 de oct al 11 oct'26,2026-10-04,Programado,A- Dentro de sistemas de transporte,,Industria (P3+GU+Grandes C.),MMm³,34.4,
PS_20261005.pdf,2026-10-05,lun 05 - oct 18 hs,05 de oct al 11 oct'26,2026-10-04,Real,A- Dentro de sistemas de transporte,,Industria (P3+GU+Grandes C.),MMm³,33.3,
PS_20261005.pdf,2026-10-05,lun 05 - oct 18 hs,05 de oct al 11 oct'26,2026-10-04,Programado,A- Dentro de sistemas de transporte,,Usinas dentro del Sistema de Transporte,MMm³,17.3,
PS_20261005.pdf,2026-10-05,lun 05 - oct 18 hs,05 de oct al 11 oct'26,2026-10-04,Real,A- Dentro de sistemas de transporte,,Usinas dentro del Sistema de Transporte,MMm³,16.7,
PS_20261005.pdf,2026-10-05,lun 05 - oct 18 hs,05 de oct al 11 oct'26,2026-10-04,Programado,A- Dentro de sistemas de transporte,,Exportaciones en el Sistema de Transporte TGN,MMm³,2.0,
PS_20261005.pdf,2026-10-05,lun 05 - oct 18 hs,05 de oct al 11 oct'26,2026-10-04,Real,A- Dentro de sistemas de transporte,,Exportaciones en el Sistema de Transporte TGN,MMm³,3.3,
PS_20261005.pdf,2026-10-05,lun 05 - oct 18 hs,05 de oct al 11 oct'26,2026-10-04,Programado,A- Dentro de sistemas de transporte,,Exportaciones en el Sistema de Transporte TGS,MMm³,2.0,
PS_20261005.pdf,2026-10-05,lun 05 - oct 18 hs,05 de oct al 11 oct'26,2026-10-04,Real,A- Dentro de sistemas de transporte,,Exportaciones en el Sistema de Transporte TGS,MMm³,2.1,
PS_20261005.pdf,2026-10-05,lun 05 - oct 18 hs,05 de oct al 11 oct'26,2026-10-04,Programado,B- Fuera de sistemas de transporte,,B- FUERA DE SISTEMAS DE TRANSPORTE,MMm³,15.0,
PS_20261005.pdf,2026-10-05,lun 05 - oct 18 hs,05 de oct al 11 oct'26,2026-10-04,Real,B- Fuera de sistemas de transporte,,B- FUERA DE SISTEMAS DE TRANSPORTE,MMm³,14.9,
PS_20261005.pdf,2026-10-05,lun 05 - oct 18 hs,05 de oct al 11 oct'26,2026-10-04,Programado,B- Fuera de sistemas de transporte,,Demanda Tierra del Fuego,MMm³,0.7,
PS_20261005.pdf,2026-10-05,lun 05 - oct 18 hs,05 de oct al 11 oct'26,2026-10-04,Real,B- Fuera de sistemas de transporte,,Demanda Tierra del Fuego,MMm³,0.5,
PS_20261005.pdf,2026-10-05,lun 05 - oct 18 hs,05 de oct al 11 oct'26,2026-10-04,Programado,B- Fuera de sistemas de transporte,,Usinas en Boca Pozo,MMm³,3.7,
PS_20261005.pdf,2026-10-05,lun 05 - oct 18 hs,05 de oct al 11 oct'26,2026-10-04,Real,B- Fuera de sistemas de transporte,,Usinas en Boca Pozo,MMm³,4.0,
PS_20261005.pdf,2026-10-05,lun 05 - oct 18 hs,05 de oct al 11 oct'26,2026-10-04,Programado,B- Fuera de sistemas de transporte,,Gas Pacífico,MMm³,1.0,
PS_20261005.pdf,2026-10-05,lun 05 - oct 18 hs,05 de oct al 11 oct'26,2026-10-04,Real,B- Fuera de sistemas de transporte,,Gas Pacífico,MMm³,0.8,
PS_20261005.pdf,2026-10-05,lun 05 - oct 18 hs,05 de oct al 11 oct'26,2026-10-04,Programado,B- Fuera de sistemas de transporte,,Mega + Metanol,MMm³,8.2,
PS_20261005.pdf,2026-10-05,lun 05 - oct 18 hs,05 de oct al 11 oct'26,2026-10-04,Real,B- Fuera de sistemas de transporte,,Mega + Metanol,MMm³,8.2,
PS_20261005.pdf,2026-10-05,lun 05 - oct 18 hs,05 de oct al 11 oct'26,2026-10-04,Programado,B- Fuera de sistemas de transporte,,Refinor,MMm³,0.4,
PS_20261005.pdf,2026-10-05,lun 05 - oct 18 hs,05 de oct al 11 oct'26,2026-10-04,Real,B- Fuera de sistemas de transporte,,Refinor,MMm³,0.3,
PS_20261005.pdf,2026-10-05,lun 05 - oct 18 hs,05 de oct al 11 oct'26,2026-10-04,Programado,B- Fuera de sistemas de transporte,,Gas Atacama,MMm³,0.0,
PS_20261005.pdf,2026-10-05,lun 05 - oct 18 hs,05 de oct al 11 oct'26,2026-10-04,Real,B- Fuera de sistemas de transporte,,Gas Atacama,MMm³,0.0,
PS_20261005.pdf,2026-10-05,lun 05 - oct 18 hs,05 de oct al 11 oct'26,2026-10-04,Programado,B- Fuera de sistemas de transporte,,Methanex,MMm³,1.1,
PS_20261005.pdf,2026-10-05,lun 05 - oct 18 hs,05 de oct al 11 oct'26,2026-10-04,Real,B- Fuera de sistemas de transporte,,Methanex,MMm³,1.1,
PS_20261005.pdf,2026-10-05,lun 05 - oct 18 hs,05 de oct al 11 oct'26,2026-10-04,Programado,Inyecciones (TGN + TGS + ENARSA),,INYECCIONES (TGN + TGS + ENARSA),MMm³,115.0,
PS_20261005.pdf,2026-10-05,lun 05 - oct 18 hs,05 de oct al 11 oct'26,2026-10-04,Real,Inyecciones (TGN + TGS + ENARSA),,INYECCIONES (TGN + TGS + ENARSA),MMm³,113.6,
PS_20261005.pdf,2026-10-05,lun 05 - oct 18 hs,05 de oct al 11 oct'26,2026-10-04,Programado,Inyecciones (TGN + TGS + ENARSA),,PRODUCTORES - INYECCION NACIONAL,MMm³,115.0,
PS_20261005.pdf,2026-10-05,lun 05 - oct 18 hs,05 de oct al 11 oct'26,2026-10-04,Real,Inyecciones (TGN + TGS + ENARSA),,PRODUCTORES - INYECCION NACIONAL,MMm³,113.6,
PS_20261005.pdf,2026-10-05,lun 05 - oct 18 hs,05 de oct al 11 oct'26,2026-10-04,Programado,Inyecciones (TGN + TGS + ENARSA),,TGS,MMm³,68.1,
PS_20261005.pdf,2026-10-05,lun 05 - oct 18 hs,05 de oct al 11 oct'26,2026-10-04,Real,Inyecciones (TGN + TGS + ENARSA),,TGS,MMm³,68.4,
PS_20261005.pdf,2026-10-05,lun 05 - oct 18 hs,05 de oct al 11 oct'26,2026-10-04,Programado,Inyecciones (TGN + TGS + ENARSA),TGS,Sur,MMm³,22.7,
PS_20261005.pdf,2026-10-05,lun 05 - oct 18 hs,05 de oct al 11 oct'26,2026-10-04,Real,Inyecciones (TGN + TGS + ENARSA),TGS,Sur,MMm³,22.7,
PS_20261005.pdf,2026-10-05,lun 05 - oct 18 hs,05 de oct al 11 oct'26,2026-10-04,Programado,Inyecciones (TGN + TGS + ENARSA),TGS,Neuba I,MMm³,7.4,
PS_20261005.pdf,2026-10-05,lun 05 - oct 18 hs,05 de oct al 11 oct'26,2026-10-04,Real,Inyecciones (TGN + TGS + ENARSA),TGS,Neuba I,MMm³,9.5,
PS_20261005.pdf,2026-10-05,lun 05 - oct 18 hs,05 de oct al 11 oct'26,2026-10-04,Programado,Inyecciones (TGN + TGS + ENARSA),TGS,Neuba II,MMm³,38.0,
PS_20261005.pdf,2026-10-05,lun 05 - oct 18 hs,05 de oct al 11 oct'26,2026-10-04,Real,Inyecciones (TGN + TGS + ENARSA),TGS,Neuba II,MMm³,36.2,
PS_20261005.pdf,2026-10-05,lun 05 - oct 18 hs,05 de oct al 11 oct'26,2026-10-04,Programado,Inyecciones (TGN + TGS + ENARSA),TGS,Patagónico,MMm³,0.0,
PS_20261005.pdf,2026-10-05,lun 05 - oct 18 hs,05 de oct al 11 oct'26,2026-10-04,Real,Inyecciones (TGN + TGS + ENARSA),TGS,Patagónico,MMm³,0.0,
PS_20261005.pdf,2026-10-05,lun 05 - oct 18 hs,05 de oct al 11 oct'26,2026-10-04,Programado,Inyecciones (TGN + TGS + ENARSA),,TGN,MMm³,27.9,
PS_20261005.pdf,2026-10-05,lun 05 - oct 18 hs,05 de oct al 11 oct'26,2026-10-04,Real,Inyecciones (TGN + TGS + ENARSA),,TGN,MMm³,29.0,
PS_20261005.pdf,2026-10-05,lun 05 - oct 18 hs,05 de oct al 11 oct'26,2026-10-04,Programado,Inyecciones (TGN + TGS + ENARSA),TGN,Norte (incluye importación),MMm³,1.9,
PS_20261005.pdf,2026-10-05,lun 05 - oct 18 hs,05 de oct al 11 oct'26,2026-10-04,Real,Inyecciones (TGN + TGS + ENARSA),TGN,Norte (incluye importación),MMm³,1.0,
PS_20261005.pdf,2026-10-05,lun 05 - oct 18 hs,05 de oct al 11 oct'26,2026-10-04,Programado,Inyecciones (TGN + TGS + ENARSA),TGN,Neuquén,MMm³,26.0,
PS_20261005.pdf,2026-10-05,lun 05 - oct 18 hs,05 de oct al 11 oct'26,2026-10-04,Real,Inyecciones (TGN + TGS + ENARSA),TGN,Neuquén,MMm³,28.0,
PS_20261005.pdf,2026-10-05,lun 05 - oct 18 hs,05 de oct al 11 oct'26,2026-10-04,Programado,Inyecciones (TGN + TGS + ENARSA),,ENARSA,MMm³,19.0,
PS_20261005.pdf,2026-10-05,lun 05 - oct 18 hs,05 de oct al 11 oct'26,2026-10-04,Real,Inyecciones (TGN + TGS + ENARSA),,ENARSA,MMm³,16.2,
PS_20261005.pdf,2026-10-05,lun 05 - oct 18 hs,05 de oct al 11 oct'26,2026-10-04,Programado,Inyecciones (TGN + TGS + ENARSA),ENARSA,GPFM,MMm³,19.0,
PS_20261005.pdf,2026-10-05,lun 05 - oct 18 hs,05 de oct al 11 oct'26,2026-10-04,Real,Inyecciones (TGN + TGS + ENARSA),ENARSA,GPFM,MMm³,16.2,
PS_20261005.pdf,2026-10-05,lun 05 - oct 18 hs,05 de oct al 11 oct'26,2026-10-04,Programado,Otras inyecciones,,BOLIVIA,MMm³,0.0,
PS_20261005.pdf,2026-10-05,lun 05 - oct 18 hs,05 de oct al 11 oct'26,2026-10-04,Real,Otras inyecciones,,BOLIVIA,MMm³,0.0,
PS_20261005.pdf,2026-10-05,lun 05 - oct 18 hs,05 de oct al 11 oct'26,2026-10-04,Programado,Otras inyecciones,,Inyección desde Chile,MMm³,0.0,
PS_20261005.pdf,2026-10-05,lun 05 - oct 18 hs,05 de oct al 11 oct'26,2026-10-04,Real,Otras inyecciones,,Inyección desde Chile,MMm³,0.0,
PS_20261005.pdf,2026-10-05,lun 05 - oct 18 hs,05 de oct al 11 oct'26,2026-10-04,Programado,Otras inyecciones,,PEAK SHAVING,MMm³,0.0,
PS_20261005.pdf,2026-10-05,lun 05 - oct 18 hs,05 de oct al 11 oct'26,2026-10-04,Real,Otras inyecciones,,PEAK SHAVING,MMm³,0.0,
PS_20261005.pdf,2026-10-05,lun 05 - oct 18 hs,05 de oct al 11 oct'26,2026-10-04,Programado,Otras inyecciones,,INYECCIÓN BUQUE ESCOBAR,MMm³,0.0,
PS_20261005.pdf,2026-10-05,lun 05 - oct 18 hs,05 de oct al 11 oct'26,2026-10-04,Real,Otras inyecciones,,INYECCIÓN BUQUE ESCOBAR,MMm³,0.0,
PS_20261005.pdf,2026-10-05,lun 05 - oct 18 hs,05 de oct al 11 oct'26,2026-10-04,Programado,Stock (linepack),,STOCK (TGN+TGS),MMm³,358.8,312-368
PS_20261005.pdf,2026-10-05,lun 05 - oct 18 hs,05 de oct al 11 oct'26,2026-10-04,Programado,Stock (linepack),,DELTA,MMm³,12.2,
PS_20261005.pdf,2026-10-05,lun 05 - oct 18 hs,05 de oct al 11 oct'26,2026-10-04,Real,Stock (linepack),,DELTA,MMm³,12.2,
PS_20261005.pdf,2026-10-05,lun 05 - oct 18 hs,05 de oct al 11 oct'26,2026-10-04,Programado,Stock (linepack),,TGS,MMm³,226.8,215-235
PS_20261005.pdf,2026-10-05,lun 05 - oct 18 hs,05 de oct al 11 oct'26,2026-10-04,Programado,Stock (linepack),,TGN,MMm³,131.98,110-142
PS_20261005.pdf,2026-10-05,lun 05 - oct 18 hs,05 de oct al 11 oct'26,2026-10-05,Proyección,Temperatura,,Temperatura Media Estimada Anillo Bs.As.,°C,19.0,
PS_20261005.pdf,2026-10-05,lun 05 - oct 18 hs,05 de oct al 11 oct'26,2026-10-05,Proyección,Demanda total,,DEMANDA TOTAL,MMm³,126.4,
PS_20261005.pdf,2026-10-05,lun 05 - oct 18 hs,05 de oct al 11 oct'26,2026-10-05,Proyección,A- Dentro de sistemas de transporte,,A- DENTRO DE SISTEMAS DE TRANSPORTE,MMm³,111.3,
PS_20261005.pdf,2026-10-05,lun 05 - oct 18 hs,05 de oct al 11 oct'26,2026-10-05,Proyección,A- Dentro de sistemas de transporte,,Demanda Prioritaria (R+SGP),MMm³,40.3,
PS_20261005.pdf,2026-10-05,lun 05 - oct 18 hs,05 de oct al 11 oct'26,2026-10-05,Proyección,A- Dentro de sistemas de transporte,,Ajuste de Demanda (conforme a proyecciones del Sist. de Transporte),MMm³,-0.6,
PS_20261005.pdf,2026-10-05,lun 05 - oct 18 hs,05 de oct al 11 oct'26,2026-10-05,Proyección,A- Dentro de sistemas de transporte,,Gas Combustible,MMm³,3.2,
PS_20261005.pdf,2026-10-05,lun 05 - oct 18 hs,05 de oct al 11 oct'26,2026-10-05,Proyección,A- Dentro de sistemas de transporte,,GNC,MMm³,5.5,
PS_20261005.pdf,2026-10-05,lun 05 - oct 18 hs,05 de oct al 11 oct'26,2026-10-05,Proyección,A- Dentro de sistemas de transporte,,Industria (P3+GU+Grandes C.),MMm³,35.7,
PS_20261005.pdf,2026-10-05,lun 05 - oct 18 hs,05 de oct al 11 oct'26,2026-10-05,Proyección,A- Dentro de sistemas de transporte,,Usinas dentro del Sistema de Transporte,MMm³,20.8,
PS_20261005.pdf,2026-10-05,lun 05 - oct 18 hs,05 de oct al 11 oct'26,2026-10-05,Proyección,A- Dentro de sistemas de transporte,,Exportaciones en el Sistema de Transporte TGN,MMm³,4.4,
PS_20261005.pdf,2026-10-05,lun 05 - oct 18 hs,05 de oct al 11 oct'26,2026-10-05,Proyección,A- Dentro de sistemas de transporte,,Exportaciones en el Sistema de Transporte TGS,MMm³,2.0,
PS_20261005.pdf,2026-10-05,lun 05 - oct 18 hs,05 de oct al 11 oct'26,2026-10-05,Proyección,B- Fuera de sistemas de transporte,,B- FUERA DE SISTEMAS DE TRANSPORTE,MMm³,15.1,
PS_20261005.pdf,2026-10-05,lun 05 - oct 18 hs,05 de oct al 11 oct'26,2026-10-05,Proyección,B- Fuera de sistemas de transporte,,Demanda Tierra del Fuego,MMm³,0.7,
PS_20261005.pdf,2026-10-05,lun 05 - oct 18 hs,05 de oct al 11 oct'26,2026-10-05,Proyección,B- Fuera de sistemas de transporte,,Usinas en Boca Pozo,MMm³,3.7,
PS_20261005.pdf,2026-10-05,lun 05 - oct 18 hs,05 de oct al 11 oct'26,2026-10-05,Proyección,B- Fuera de sistemas de transporte,,Gas Pacífico,MMm³,1.0,
PS_20261005.pdf,2026-10-05,lun 05 - oct 18 hs,05 de oct al 11 oct'26,2026-10-05,Proyección,B- Fuera de sistemas de transporte,,Mega + Metanol,MMm³,8.2,
PS_20261005.pdf,2026-10-05,lun 05 - oct 18 hs,05 de oct al 11 oct'26,2026-10-05,Proyección,B- Fuera de sistemas de transporte,,Refinor,MMm³,0.4,
PS_20261005.pdf,2026-10-05,lun 05 - oct 18 hs,05 de oct al 11 oct'26,2026-10-05,Proyección,B- Fuera de sistemas de transporte,,Gas Atacama,MMm³,0.0,
PS_20261005.pdf,2026-10-05,lun 05 - oct 18 hs,05 de oct al 11 oct'26,2026-10-05,Proyección,B- Fuera de sistemas de transporte,,Methanex,MMm³,1.1,
PS_20261005.pdf,2026-10-05,lun 05 - oct 18 hs,05 de oct al 11 oct'26,2026-10-05,Proyección,Inyecciones (TGN + TGS + ENARSA),,INYECCIONES (TGN + TGS + ENARSA),MMm³,112.1,
PS_20261005.pdf,2026-10-05,lun 05 - oct 18 hs,05 de oct al 11 oct'26,2026-10-05,Proyección,Inyecciones (TGN + TGS + ENARSA),,PRODUCTORES - INYECCION NACIONAL,MMm³,112.1,
PS_20261005.pdf,2026-10-05,lun 05 - oct 18 hs,05 de oct al 11 oct'26,2026-10-05,Proyección,Inyecciones (TGN + TGS + ENARSA),,TGS,MMm³,68.8,
PS_20261005.pdf,2026-10-05,lun 05 - oct 18 hs,05 de oct al 11 oct'26,2026-10-05,Proyección,Inyecciones (TGN + TGS + ENARSA),TGS,Sur,MMm³,22.6,
PS_20261005.pdf,2026-10-05,lun 05 - oct 18 hs,05 de oct al 11 oct'26,2026-10-05,Proyección,Inyecciones (TGN + TGS + ENARSA),TGS,Neuba I,MMm³,9.2,
PS_20261005.pdf,2026-10-05,lun 05 - oct 18 hs,05 de oct al 11 oct'26,2026-10-05,Proyección,Inyecciones (TGN + TGS + ENARSA),TGS,Neuba II,MMm³,37.0,
PS_20261005.pdf,2026-10-05,lun 05 - oct 18 hs,05 de oct al 11 oct'26,2026-10-05,Proyección,Inyecciones (TGN + TGS + ENARSA),TGS,Patagónico,MMm³,0.0,
PS_20261005.pdf,2026-10-05,lun 05 - oct 18 hs,05 de oct al 11 oct'26,2026-10-05,Proyección,Inyecciones (TGN + TGS + ENARSA),,TGN,MMm³,29.8,
PS_20261005.pdf,2026-10-05,lun 05 - oct 18 hs,05 de oct al 11 oct'26,2026-10-05,Proyección,Inyecciones (TGN + TGS + ENARSA),TGN,Norte (incluye importación),MMm³,0.9,
PS_20261005.pdf,2026-10-05,lun 05 - oct 18 hs,05 de oct al 11 oct'26,2026-10-05,Proyección,Inyecciones (TGN + TGS + ENARSA),TGN,Neuquén,MMm³,28.9,
PS_20261005.pdf,2026-10-05,lun 05 - oct 18 hs,05 de oct al 11 oct'26,2026-10-05,Proyección,Inyecciones (TGN + TGS + ENARSA),,ENARSA,MMm³,13.5,
PS_20261005.pdf,2026-10-05,lun 05 - oct 18 hs,05 de oct al 11 oct'26,2026-10-05,Proyección,Inyecciones (TGN + TGS + ENARSA),ENARSA,GPFM,MMm³,13.5,
PS_20261005.pdf,2026-10-05,lun 05 - oct 18 hs,05 de oct al 11 oct'26,2026-10-05,Proyección,Otras inyecciones,,BOLIVIA,MMm³,0.0,
PS_20261005.pdf,2026-10-05,lun 05 - oct 18 hs,05 de oct al 11 oct'26,2026-10-05,Proyección,Otras inyecciones,,Inyección desde Chile,MMm³,0.0,
PS_20261005.pdf,2026-10-05,lun 05 - oct 18 hs,05 de oct al 11 oct'26,2026-10-05,Proyección,Otras inyecciones,,PEAK SHAVING,MMm³,0.0,
PS_20261005.pdf,2026-10-05,lun 05 - oct 18 hs,05 de oct al 11 oct'26,2026-10-05,Proyección,Otras inyecciones,,INYECCIÓN BUQUE ESCOBAR,MMm³,0.0,
PS_20261005.pdf,2026-10-05,lun 05 - oct 18 hs,05 de oct al 11 oct'26,2026-10-05,Proyección,Stock (linepack),,STOCK (TGN+TGS),MMm³,371.0,312-368
PS_20261005.pdf,2026-10-05,lun 05 - oct 18 hs,05 de oct al 11 oct'26,2026-10-05,Proyección,Stock (linepack),,DELTA,MMm³,0.8,
PS_20261005.pdf,2026-10-05,lun 05 - oct 18 hs,05 de oct al 11 oct'26,2026-10-05,Proyección,Stock (linepack),,TGS,MMm³,234.87,215-235
PS_20261005.pdf,2026-10-05,lun 05 - oct 18 hs,05 de oct al 11 oct'26,2026-10-05,Proyección,Stock (linepack),,TGN,MMm³,136.09,110-142
PS_20261005.pdf,2026-10-05,lun 05 - oct 18 hs,05 de oct al 11 oct'26,2026-10-05,Proyección,Stock (linepack),,TRAMOS INICIALES,MMm³,267.04,218-254
PS_20261005.pdf,2026-10-05,lun 05 - oct 18 hs,05 de oct al 11 oct'26,2026-10-05,Proyección,Stock (linepack),,TRAMOS FINALES,MMm³,103.92,85-101
PS_20261005.pdf,2026-10-05,lun 05 - oct 18 hs,05 de oct al 11 oct'26,2026-10-05,Proyección,Stock (linepack),TRAMOS FINALES,TGS,MMm³,87.11,
PS_20261005.pdf,2026-10-05,lun 05 - oct 18 hs,05 de oct al 11 oct'26,2026-10-05,Proyección,Stock (linepack),TRAMOS FINALES,TGN,MMm³,16.81,
PS_20261005.pdf,2026-10-05,lun 05 - oct 18 hs,05 de oct al 11 oct'26,2026-10-05,Proyección,Saldos,,BUQUE REGASIFICADOR (ESC),MMm³,57.99,
PS_20261005.pdf,2026-10-05,lun 05 - oct 18 hs,05 de oct al 11 oct'26,2026-10-05,Proyección,Saldos,,RESERVA GASBAN,MMm³,8.6,
PS_20261005.pdf,2026-10-05,lun 05 - oct 18 hs,05 de oct al 11 oct'26,2026-10-06,Proyección,Temperatura,,Temperatura Media Estimada Anillo Bs.As.,°C,17.0,
PS_20261005.pdf,2026-10-05,lun 05 - oct 18 hs,05 de oct al 11 oct'26,2026-10-06,Proyección,Demanda total,,DEMANDA TOTAL,MMm³,129.8,
PS_20261005.pdf,2026-10-05,lun 05 - oct 18 hs,05 de oct al 11 oct'26,2026-10-06,Proyección,A- Dentro de sistemas de transporte,,A- DENTRO DE SISTEMAS DE TRANSPORTE,MMm³,114.9,
PS_20261005.pdf,2026-10-05,lun 05 - oct 18 hs,05 de oct al 11 oct'26,2026-10-06,Proyección,A- Dentro de sistemas de transporte,,Demanda Prioritaria (R+SGP),MMm³,40.9,
PS_20261005.pdf,2026-10-05,lun 05 - oct 18 hs,05 de oct al 11 oct'26,2026-10-06,Proyección,A- Dentro de sistemas de transporte,,Ajuste de Demanda (conforme a proyecciones del Sist. de Transporte),MMm³,0.5,
PS_20261005.pdf,2026-10-05,lun 05 - oct 18 hs,05 de oct al 11 oct'26,2026-10-06,Proyección,A- Dentro de sistemas de transporte,,Gas Combustible,MMm³,3.2,
PS_20261005.pdf,2026-10-05,lun 05 - oct 18 hs,05 de oct al 11 oct'26,2026-10-06,Proyección,A- Dentro de sistemas de transporte,,GNC,MMm³,5.7,
PS_20261005.pdf,2026-10-05,lun 05 - oct 18 hs,05 de oct al 11 oct'26,2026-10-06,Proyección,A- Dentro de sistemas de transporte,,Industria (P3+GU+Grandes C.),MMm³,36.4,
PS_20261005.pdf,2026-10-05,lun 05 - oct 18 hs,05 de oct al 11 oct'26,2026-10-06,Proyección,A- Dentro de sistemas de transporte,,Usinas dentro del Sistema de Transporte,MMm³,21.9,
PS_20261005.pdf,2026-10-05,lun 05 - oct 18 hs,05 de oct al 11 oct'26,2026-10-06,Proyección,A- Dentro de sistemas de transporte,,Exportaciones en el Sistema de Transporte TGN,MMm³,4.4,
PS_20261005.pdf,2026-10-05,lun 05 - oct 18 hs,05 de oct al 11 oct'26,2026-10-06,Proyección,A- Dentro de sistemas de transporte,,Exportaciones en el Sistema de Transporte TGS,MMm³,2.0,
PS_20261005.pdf,2026-10-05,lun 05 - oct 18 hs,05 de oct al 11 oct'26,2026-10-06,Proyección,B- Fuera de sistemas de transporte,,B- FUERA DE SISTEMAS DE TRANSPORTE,MMm³,14.9,
PS_20261005.pdf,2026-10-05,lun 05 - oct 18 hs,05 de oct al 11 oct'26,2026-10-06,Proyección,B- Fuera de sistemas de transporte,,Demanda Tierra del Fuego,MMm³,0.7,
PS_20261005.pdf,2026-10-05,lun 05 - oct 18 hs,05 de oct al 11 oct'26,2026-10-06,Proyección,B- Fuera de sistemas de transporte,,Usinas en Boca Pozo,MMm³,3.6,
PS_20261005.pdf,2026-10-05,lun 05 - oct 18 hs,05 de oct al 11 oct'26,2026-10-06,Proyección,B- Fuera de sistemas de transporte,,Gas Pacífico,MMm³,1.0,
PS_20261005.pdf,2026-10-05,lun 05 - oct 18 hs,05 de oct al 11 oct'26,2026-10-06,Proyección,B- Fuera de sistemas de transporte,,Mega + Metanol,MMm³,8.2,
PS_20261005.pdf,2026-10-05,lun 05 - oct 18 hs,05 de oct al 11 oct'26,2026-10-06,Proyección,B- Fuera de sistemas de transporte,,Refinor,MMm³,0.4,
PS_20261005.pdf,2026-10-05,lun 05 - oct 18 hs,05 de oct al 11 oct'26,2026-10-06,Proyección,B- Fuera de sistemas de transporte,,Gas Atacama,MMm³,0.0,
PS_20261005.pdf,2026-10-05,lun 05 - oct 18 hs,05 de oct al 11 oct'26,2026-10-06,Proyección,B- Fuera de sistemas de transporte,,Methanex,MMm³,1.1,
PS_20261005.pdf,2026-10-05,lun 05 - oct 18 hs,05 de oct al 11 oct'26,2026-10-06,Proyección,Inyecciones (TGN + TGS + ENARSA),,INYECCIONES (TGN + TGS + ENARSA),MMm³,112.6,
PS_20261005.pdf,2026-10-05,lun 05 - oct 18 hs,05 de oct al 11 oct'26,2026-10-06,Proyección,Inyecciones (TGN + TGS + ENARSA),,PRODUCTORES - INYECCION NACIONAL,MMm³,112.6,
PS_20261005.pdf,2026-10-05,lun 05 - oct 18 hs,05 de oct al 11 oct'26,2026-10-06,Proyección,Inyecciones (TGN + TGS + ENARSA),,TGS,MMm³,68.8,
PS_20261005.pdf,2026-10-05,lun 05 - oct 18 hs,05 de oct al 11 oct'26,2026-10-06,Proyección,Inyecciones (TGN + TGS + ENARSA),TGS,Sur,MMm³,22.6,
PS_20261005.pdf,2026-10-05,lun 05 - oct 18 hs,05 de oct al 11 oct'26,2026-10-06,Proyección,Inyecciones (TGN + TGS + ENARSA),TGS,Neuba I,MMm³,9.2,
PS_20261005.pdf,2026-10-05,lun 05 - oct 18 hs,05 de oct al 11 oct'26,2026-10-06,Proyección,Inyecciones (TGN + TGS + ENARSA),TGS,Neuba II,MMm³,37.0,
PS_20261005.pdf,2026-10-05,lun 05 - oct 18 hs,05 de oct al 11 oct'26,2026-10-06,Proyección,Inyecciones (TGN + TGS + ENARSA),TGS,Patagónico,MMm³,0.0,
PS_20261005.pdf,2026-10-05,lun 05 - oct 18 hs,05 de oct al 11 oct'26,2026-10-06,Proyección,Inyecciones (TGN + TGS + ENARSA),,TGN,MMm³,30.3,
PS_20261005.pdf,2026-10-05,lun 05 - oct 18 hs,05 de oct al 11 oct'26,2026-10-06,Proyección,Inyecciones (TGN + TGS + ENARSA),TGN,Norte (incluye importación),MMm³,0.9,
PS_20261005.pdf,2026-10-05,lun 05 - oct 18 hs,05 de oct al 11 oct'26,2026-10-06,Proyección,Inyecciones (TGN + TGS + ENARSA),TGN,Neuquén,MMm³,29.4,
PS_20261005.pdf,2026-10-05,lun 05 - oct 18 hs,05 de oct al 11 oct'26,2026-10-06,Proyección,Inyecciones (TGN + TGS + ENARSA),,ENARSA,MMm³,13.5,
PS_20261005.pdf,2026-10-05,lun 05 - oct 18 hs,05 de oct al 11 oct'26,2026-10-06,Proyección,Inyecciones (TGN + TGS + ENARSA),ENARSA,GPFM,MMm³,13.5,
PS_20261005.pdf,2026-10-05,lun 05 - oct 18 hs,05 de oct al 11 oct'26,2026-10-06,Proyección,Otras inyecciones,,BOLIVIA,MMm³,0.0,
PS_20261005.pdf,2026-10-05,lun 05 - oct 18 hs,05 de oct al 11 oct'26,2026-10-06,Proyección,Otras inyecciones,,Inyección desde Chile,MMm³,0.0,
PS_20261005.pdf,2026-10-05,lun 05 - oct 18 hs,05 de oct al 11 oct'26,2026-10-06,Proyección,Otras inyecciones,,PEAK SHAVING,MMm³,0.0,
PS_20261005.pdf,2026-10-05,lun 05 - oct 18 hs,05 de oct al 11 oct'26,2026-10-06,Proyección,Otras inyecciones,,INYECCIÓN BUQUE ESCOBAR,MMm³,0.0,
PS_20261005.pdf,2026-10-05,lun 05 - oct 18 hs,05 de oct al 11 oct'26,2026-10-06,Proyección,Stock (linepack),,STOCK (TGN+TGS),MMm³,371.8,312-368
PS_20261005.pdf,2026-10-05,lun 05 - oct 18 hs,05 de oct al 11 oct'26,2026-10-06,Proyección,Stock (linepack),,DELTA,MMm³,-2.3,
PS_20261005.pdf,2026-10-05,lun 05 - oct 18 hs,05 de oct al 11 oct'26,2026-10-06,Proyección,Stock (linepack),,TGS,MMm³,234.34,215-235
PS_20261005.pdf,2026-10-05,lun 05 - oct 18 hs,05 de oct al 11 oct'26,2026-10-06,Proyección,Stock (linepack),,TGN,MMm³,137.44,110-142
PS_20261005.pdf,2026-10-05,lun 05 - oct 18 hs,05 de oct al 11 oct'26,2026-10-06,Proyección,Stock (linepack),,TRAMOS INICIALES,MMm³,268.89,218-254
PS_20261005.pdf,2026-10-05,lun 05 - oct 18 hs,05 de oct al 11 oct'26,2026-10-06,Proyección,Stock (linepack),,TRAMOS FINALES,MMm³,102.89,85-101
PS_20261005.pdf,2026-10-05,lun 05 - oct 18 hs,05 de oct al 11 oct'26,2026-10-06,Proyección,Stock (linepack),TRAMOS FINALES,TGS,MMm³,86.33,
PS_20261005.pdf,2026-10-05,lun 05 - oct 18 hs,05 de oct al 11 oct'26,2026-10-06,Proyección,Stock (linepack),TRAMOS FINALES,TGN,MMm³,16.56,
PS_20261005.pdf,2026-10-05,lun 05 - oct 18 hs,05 de oct al 11 oct'26,2026-10-06,Proyección,Saldos,,BUQUE REGASIFICADOR (ESC),MMm³,57.86,
PS_20261005.pdf,2026-10-05,lun 05 - oct 18 hs,05 de oct al 11 oct'26,2026-10-06,Proyección,Saldos,,RESERVA GASBAN,MMm³,8.6,
PS_20261005.pdf,2026-10-05,lun 05 - oct 18 hs,05 de oct al 11 oct'26,2026-10-07,Proyección,Temperatura,,Temperatura Media Estimada Anillo Bs.As.,°C,16.0,
PS_20261005.pdf,2026-10-05,lun 05 - oct 18 hs,05 de oct al 11 oct'26,2026-10-07,Proyección,Demanda total,,DEMANDA TOTAL,MMm³,131.3,
PS_20261005.pdf,2026-10-05,lun 05 - oct 18 hs,05 de oct al 11 oct'26,2026-10-07,Proyección,A- Dentro de sistemas de transporte,,A- DENTRO DE SISTEMAS DE TRANSPORTE,MMm³,116.1,
PS_20261005.pdf,2026-10-05,lun 05 - oct 18 hs,05 de oct al 11 oct'26,2026-10-07,Proyección,A- Dentro de sistemas de transporte,,Demanda Prioritaria (R+SGP),MMm³,44.0,
PS_20261005.pdf,2026-10-05,lun 05 - oct 18 hs,05 de oct al 11 oct'26,2026-10-07,Proyección,A- Dentro de sistemas de transporte,,Ajuste de Demanda (conforme a proyecciones del Sist. de Transporte),MMm³,-1.7,
PS_20261005.pdf,2026-10-05,lun 05 - oct 18 hs,05 de oct al 11 oct'26,2026-10-07,Proyección,A- Dentro de sistemas de transporte,,Gas Combustible,MMm³,3.2,
PS_20261005.pdf,2026-10-05,lun 05 - oct 18 hs,05 de oct al 11 oct'26,2026-10-07,Proyección,A- Dentro de sistemas de transporte,,GNC,MMm³,5.6,
PS_20261005.pdf,2026-10-05,lun 05 - oct 18 hs,05 de oct al 11 oct'26,2026-10-07,Proyección,A- Dentro de sistemas de transporte,,Industria (P3+GU+Grandes C.),MMm³,36.7,
PS_20261005.pdf,2026-10-05,lun 05 - oct 18 hs,05 de oct al 11 oct'26,2026-10-07,Proyección,A- Dentro de sistemas de transporte,,Usinas dentro del Sistema de Transporte,MMm³,21.9,
PS_20261005.pdf,2026-10-05,lun 05 - oct 18 hs,05 de oct al 11 oct'26,2026-10-07,Proyección,A- Dentro de sistemas de transporte,,Exportaciones en el Sistema de Transporte TGN,MMm³,4.4,
PS_20261005.pdf,2026-10-05,lun 05 - oct 18 hs,05 de oct al 11 oct'26,2026-10-07,Proyección,A- Dentro de sistemas de transporte,,Exportaciones en el Sistema de Transporte TGS,MMm³,2.0,
PS_20261005.pdf,2026-10-05,lun 05 - oct 18 hs,05 de oct al 11 oct'26,2026-10-07,Proyección,B- Fuera de sistemas de transporte,,B- FUERA DE SISTEMAS DE TRANSPORTE,MMm³,15.2,
PS_20261005.pdf,2026-10-05,lun 05 - oct 18 hs,05 de oct al 11 oct'26,2026-10-07,Proyección,B- Fuera de sistemas de transporte,,Demanda Tierra del Fuego,MMm³,0.7,
PS_20261005.pdf,2026-10-05,lun 05 - oct 18 hs,05 de oct al 11 oct'26,2026-10-07,Proyección,B- Fuera de sistemas de transporte,,Usinas en Boca Pozo,MMm³,3.8,
PS_20261005.pdf,2026-10-05,lun 05 - oct 18 hs,05 de oct al 11 oct'26,2026-10-07,Proyección,B- Fuera de sistemas de transporte,,Gas Pacífico,MMm³,1.0,
PS_20261005.pdf,2026-10-05,lun 05 - oct 18 hs,05 de oct al 11 oct'26,2026-10-07,Proyección,B- Fuera de sistemas de transporte,,Mega + Metanol,MMm³,8.2,
PS_20261005.pdf,2026-10-05,lun 05 - oct 18 hs,05 de oct al 11 oct'26,2026-10-07,Proyección,B- Fuera de sistemas de transporte,,Refinor,MMm³,0.4,
PS_20261005.pdf,2026-10-05,lun 05 - oct 18 hs,05 de oct al 11 oct'26,2026-10-07,Proyección,B- Fuera de sistemas de transporte,,Gas Atacama,MMm³,0.0,
PS_20261005.pdf,2026-10-05,lun 05 - oct 18 hs,05 de oct al 11 oct'26,2026-10-07,Proyección,B- Fuera de sistemas de transporte,,Methanex,MMm³,1.1,
PS_20261005.pdf,2026-10-05,lun 05 - oct 18 hs,05 de oct al 11 oct'26,2026-10-07,Proyección,Inyecciones (TGN + TGS + ENARSA),,INYECCIONES (TGN + TGS + ENARSA),MMm³,112.6,
PS_20261005.pdf,2026-10-05,lun 05 - oct 18 hs,05 de oct al 11 oct'26,2026-10-07,Proyección,Inyecciones (TGN + TGS + ENARSA),,PRODUCTORES - INYECCION NACIONAL,MMm³,112.6,
PS_20261005.pdf,2026-10-05,lun 05 - oct 18 hs,05 de oct al 11 oct'26,2026-10-07,Proyección,Inyecciones (TGN + TGS + ENARSA),,TGS,MMm³,68.8,
PS_20261005.pdf,2026-10-05,lun 05 - oct 18 hs,05 de oct al 11 oct'26,2026-10-07,Proyección,Inyecciones (TGN + TGS + ENARSA),TGS,Sur,MMm³,22.6,
PS_20261005.pdf,2026-10-05,lun 05 - oct 18 hs,05 de oct al 11 oct'26,2026-10-07,Proyección,Inyecciones (TGN + TGS + ENARSA),TGS,Neuba I,MMm³,9.2,
PS_20261005.pdf,2026-10-05,lun 05 - oct 18 hs,05 de oct al 11 oct'26,2026-10-07,Proyección,Inyecciones (TGN + TGS + ENARSA),TGS,Neuba II,MMm³,37.0,
PS_20261005.pdf,2026-10-05,lun 05 - oct 18 hs,05 de oct al 11 oct'26,2026-10-07,Proyección,Inyecciones (TGN + TGS + ENARSA),TGS,Patagónico,MMm³,0.0,
PS_20261005.pdf,2026-10-05,lun 05 - oct 18 hs,05 de oct al 11 oct'26,2026-10-07,Proyección,Inyecciones (TGN + TGS + ENARSA),,TGN,MMm³,30.3,
PS_20261005.pdf,2026-10-05,lun 05 - oct 18 hs,05 de oct al 11 oct'26,2026-10-07,Proyección,Inyecciones (TGN + TGS + ENARSA),TGN,Norte (incluye importación),MMm³,0.9,
PS_20261005.pdf,2026-10-05,lun 05 - oct 18 hs,05 de oct al 11 oct'26,2026-10-07,Proyección,Inyecciones (TGN + TGS + ENARSA),TGN,Neuquén,MMm³,29.4,
PS_20261005.pdf,2026-10-05,lun 05 - oct 18 hs,05 de oct al 11 oct'26,2026-10-07,Proyección,Inyecciones (TGN + TGS + ENARSA),,ENARSA,MMm³,13.5,
PS_20261005.pdf,2026-10-05,lun 05 - oct 18 hs,05 de oct al 11 oct'26,2026-10-07,Proyección,Inyecciones (TGN + TGS + ENARSA),ENARSA,GPFM,MMm³,13.5,
PS_20261005.pdf,2026-10-05,lun 05 - oct 18 hs,05 de oct al 11 oct'26,2026-10-07,Proyección,Otras inyecciones,,BOLIVIA,MMm³,0.0,
PS_20261005.pdf,2026-10-05,lun 05 - oct 18 hs,05 de oct al 11 oct'26,2026-10-07,Proyección,Otras inyecciones,,Inyección desde Chile,MMm³,0.0,
PS_20261005.pdf,2026-10-05,lun 05 - oct 18 hs,05 de oct al 11 oct'26,2026-10-07,Proyección,Otras inyecciones,,PEAK SHAVING,MMm³,0.0,
PS_20261005.pdf,2026-10-05,lun 05 - oct 18 hs,05 de oct al 11 oct'26,2026-10-07,Proyección,Otras inyecciones,,INYECCIÓN BUQUE ESCOBAR,MMm³,0.0,
PS_20261005.pdf,2026-10-05,lun 05 - oct 18 hs,05 de oct al 11 oct'26,2026-10-07,Proyección,Stock (linepack),,STOCK (TGN+TGS),MMm³,369.5,312-368
PS_20261005.pdf,2026-10-05,lun 05 - oct 18 hs,05 de oct al 11 oct'26,2026-10-07,Proyección,Stock (linepack),,DELTA,MMm³,-3.5,
PS_20261005.pdf,2026-10-05,lun 05 - oct 18 hs,05 de oct al 11 oct'26,2026-10-07,Proyección,Stock (linepack),,TGS,MMm³,232.96,215-235
PS_20261005.pdf,2026-10-05,lun 05 - oct 18 hs,05 de oct al 11 oct'26,2026-10-07,Proyección,Stock (linepack),,TGN,MMm³,136.52,110-142
PS_20261005.pdf,2026-10-05,lun 05 - oct 18 hs,05 de oct al 11 oct'26,2026-10-07,Proyección,Stock (linepack),,TRAMOS INICIALES,MMm³,268.36,218-254
PS_20261005.pdf,2026-10-05,lun 05 - oct 18 hs,05 de oct al 11 oct'26,2026-10-07,Proyección,Stock (linepack),,TRAMOS FINALES,MMm³,101.12,85-101
PS_20261005.pdf,2026-10-05,lun 05 - oct 18 hs,05 de oct al 11 oct'26,2026-10-07,Proyección,Stock (linepack),TRAMOS FINALES,TGS,MMm³,85.09,
PS_20261005.pdf,2026-10-05,lun 05 - oct 18 hs,05 de oct al 11 oct'26,2026-10-07,Proyección,Stock (linepack),TRAMOS FINALES,TGN,MMm³,16.03,
PS_20261005.pdf,2026-10-05,lun 05 - oct 18 hs,05 de oct al 11 oct'26,2026-10-07,Proyección,Saldos,,BUQUE REGASIFICADOR (ESC),MMm³,57.73,
PS_20261005.pdf,2026-10-05,lun 05 - oct 18 hs,05 de oct al 11 oct'26,2026-10-07,Proyección,Saldos,,RESERVA GASBAN,MMm³,8.6,
PS_20261005.pdf,2026-10-05,lun 05 - oct 18 hs,05 de oct al 11 oct'26,2026-10-08,Proyección,Temperatura,,Temperatura Media Estimada Anillo Bs.As.,°C,17.0,
PS_20261005.pdf,2026-10-05,lun 05 - oct 18 hs,05 de oct al 11 oct'26,2026-10-08,Proyección,Demanda total,,DEMANDA TOTAL,MMm³,132.5,
PS_20261005.pdf,2026-10-05,lun 05 - oct 18 hs,05 de oct al 11 oct'26,2026-10-08,Proyección,A- Dentro de sistemas de transporte,,A- DENTRO DE SISTEMAS DE TRANSPORTE,MMm³,117.6,
PS_20261005.pdf,2026-10-05,lun 05 - oct 18 hs,05 de oct al 11 oct'26,2026-10-08,Proyección,A- Dentro de sistemas de transporte,,Demanda Prioritaria (R+SGP),MMm³,45.4,
PS_20261005.pdf,2026-10-05,lun 05 - oct 18 hs,05 de oct al 11 oct'26,2026-10-08,Proyección,A- Dentro de sistemas de transporte,,Ajuste de Demanda (conforme a proyecciones del Sist. de Transporte),MMm³,-1.9,
PS_20261005.pdf,2026-10-05,lun 05 - oct 18 hs,05 de oct al 11 oct'26,2026-10-08,Proyección,A- Dentro de sistemas de transporte,,Gas Combustible,MMm³,3.2,
PS_20261005.pdf,2026-10-05,lun 05 - oct 18 hs,05 de oct al 11 oct'26,2026-10-08,Proyección,A- Dentro de sistemas de transporte,,GNC,MMm³,5.7,
PS_20261005.pdf,2026-10-05,lun 05 - oct 18 hs,05 de oct al 11 oct'26,2026-10-08,Proyección,A- Dentro de sistemas de transporte,,Industria (P3+GU+Grandes C.),MMm³,36.6,
PS_20261005.pdf,2026-10-05,lun 05 - oct 18 hs,05 de oct al 11 oct'26,2026-10-08,Proyección,A- Dentro de sistemas de transporte,,Usinas dentro del Sistema de Transporte,MMm³,22.3,
PS_20261005.pdf,2026-10-05,lun 05 - oct 18 hs,05 de oct al 11 oct'26,2026-10-08,Proyección,A- Dentro de sistemas de transporte,,Exportaciones en el Sistema de Transporte TGN,MMm³,4.4,
PS_20261005.pdf,2026-10-05,lun 05 - oct 18 hs,05 de oct al 11 oct'26,2026-10-08,Proyección,A- Dentro de sistemas de transporte,,Exportaciones en el Sistema de Transporte TGS,MMm³,2.0,
PS_20261005.pdf,2026-10-05,lun 05 - oct 18 hs,05 de oct al 11 oct'26,2026-10-08,Proyección,B- Fuera de sistemas de transporte,,B- FUERA DE SISTEMAS DE TRANSPORTE,MMm³,14.9,
PS_20261005.pdf,2026-10-05,lun 05 - oct 18 hs,05 de oct al 11 oct'26,2026-10-08,Proyección,B- Fuera de sistemas de transporte,,Demanda Tierra del Fuego,MMm³,0.7,
PS_20261005.pdf,2026-10-05,lun 05 - oct 18 hs,05 de oct al 11 oct'26,2026-10-08,Proyección,B- Fuera de sistemas de transporte,,Usinas en Boca Pozo,MMm³,3.6,
PS_20261005.pdf,2026-10-05,lun 05 - oct 18 hs,05 de oct al 11 oct'26,2026-10-08,Proyección,B- Fuera de sistemas de transporte,,Gas Pacífico,MMm³,1.0,
PS_20261005.pdf,2026-10-05,lun 05 - oct 18 hs,05 de oct al 11 oct'26,2026-10-08,Proyección,B- Fuera de sistemas de transporte,,Mega + Metanol,MMm³,8.2,
PS_20261005.pdf,2026-10-05,lun 05 - oct 18 hs,05 de oct al 11 oct'26,2026-10-08,Proyección,B- Fuera de sistemas de transporte,,Refinor,MMm³,0.4,
PS_20261005.pdf,2026-10-05,lun 05 - oct 18 hs,05 de oct al 11 oct'26,2026-10-08,Proyección,B- Fuera de sistemas de transporte,,Gas Atacama,MMm³,0.0,
PS_20261005.pdf,2026-10-05,lun 05 - oct 18 hs,05 de oct al 11 oct'26,2026-10-08,Proyección,B- Fuera de sistemas de transporte,,Methanex,MMm³,1.1,
PS_20261005.pdf,2026-10-05,lun 05 - oct 18 hs,05 de oct al 11 oct'26,2026-10-08,Proyección,Inyecciones (TGN + TGS + ENARSA),,INYECCIONES (TGN + TGS + ENARSA),MMm³,112.6,
PS_20261005.pdf,2026-10-05,lun 05 - oct 18 hs,05 de oct al 11 oct'26,2026-10-08,Proyección,Inyecciones (TGN + TGS + ENARSA),,PRODUCTORES - INYECCION NACIONAL,MMm³,112.6,
PS_20261005.pdf,2026-10-05,lun 05 - oct 18 hs,05 de oct al 11 oct'26,2026-10-08,Proyección,Inyecciones (TGN + TGS + ENARSA),,TGS,MMm³,68.8,
PS_20261005.pdf,2026-10-05,lun 05 - oct 18 hs,05 de oct al 11 oct'26,2026-10-08,Proyección,Inyecciones (TGN + TGS + ENARSA),TGS,Sur,MMm³,22.6,
PS_20261005.pdf,2026-10-05,lun 05 - oct 18 hs,05 de oct al 11 oct'26,2026-10-08,Proyección,Inyecciones (TGN + TGS + ENARSA),TGS,Neuba I,MMm³,9.2,
PS_20261005.pdf,2026-10-05,lun 05 - oct 18 hs,05 de oct al 11 oct'26,2026-10-08,Proyección,Inyecciones (TGN + TGS + ENARSA),TGS,Neuba II,MMm³,37.0,
PS_20261005.pdf,2026-10-05,lun 05 - oct 18 hs,05 de oct al 11 oct'26,2026-10-08,Proyección,Inyecciones (TGN + TGS + ENARSA),TGS,Patagónico,MMm³,0.0,
PS_20261005.pdf,2026-10-05,lun 05 - oct 18 hs,05 de oct al 11 oct'26,2026-10-08,Proyección,Inyecciones (TGN + TGS + ENARSA),,TGN,MMm³,30.3,
PS_20261005.pdf,2026-10-05,lun 05 - oct 18 hs,05 de oct al 11 oct'26,2026-10-08,Proyección,Inyecciones (TGN + TGS + ENARSA),TGN,Norte (incluye importación),MMm³,0.9,
PS_20261005.pdf,2026-10-05,lun 05 - oct 18 hs,05 de oct al 11 oct'26,2026-10-08,Proyección,Inyecciones (TGN + TGS + ENARSA),TGN,Neuquén,MMm³,29.4,
PS_20261005.pdf,2026-10-05,lun 05 - oct 18 hs,05 de oct al 11 oct'26,2026-10-08,Proyección,Inyecciones (TGN + TGS + ENARSA),,ENARSA,MMm³,13.5,
PS_20261005.pdf,2026-10-05,lun 05 - oct 18 hs,05 de oct al 11 oct'26,2026-10-08,Proyección,Inyecciones (TGN + TGS + ENARSA),ENARSA,GPFM,MMm³,13.5,
PS_20261005.pdf,2026-10-05,lun 05 - oct 18 hs,05 de oct al 11 oct'26,2026-10-08,Proyección,Otras inyecciones,,BOLIVIA,MMm³,0.0,
PS_20261005.pdf,2026-10-05,lun 05 - oct 18 hs,05 de oct al 11 oct'26,2026-10-08,Proyección,Otras inyecciones,,Inyección desde Chile,MMm³,0.0,
PS_20261005.pdf,2026-10-05,lun 05 - oct 18 hs,05 de oct al 11 oct'26,2026-10-08,Proyección,Otras inyecciones,,PEAK SHAVING,MMm³,0.0,
PS_20261005.pdf,2026-10-05,lun 05 - oct 18 hs,05 de oct al 11 oct'26,2026-10-08,Proyección,Otras inyecciones,,INYECCIÓN BUQUE ESCOBAR,MMm³,0.0,
PS_20261005.pdf,2026-10-05,lun 05 - oct 18 hs,05 de oct al 11 oct'26,2026-10-08,Proyección,Stock (linepack),,STOCK (TGN+TGS),MMm³,366.0,312-368
PS_20261005.pdf,2026-10-05,lun 05 - oct 18 hs,05 de oct al 11 oct'26,2026-10-08,Proyección,Stock (linepack),,DELTA,MMm³,-5.0,
PS_20261005.pdf,2026-10-05,lun 05 - oct 18 hs,05 de oct al 11 oct'26,2026-10-08,Proyección,Stock (linepack),,TGS,MMm³,230.85,215-235
PS_20261005.pdf,2026-10-05,lun 05 - oct 18 hs,05 de oct al 11 oct'26,2026-10-08,Proyección,Stock (linepack),,TGN,MMm³,135.11,110-142
PS_20261005.pdf,2026-10-05,lun 05 - oct 18 hs,05 de oct al 11 oct'26,2026-10-08,Proyección,Stock (linepack),,TRAMOS INICIALES,MMm³,268.24,218-254
PS_20261005.pdf,2026-10-05,lun 05 - oct 18 hs,05 de oct al 11 oct'26,2026-10-08,Proyección,Stock (linepack),,TRAMOS FINALES,MMm³,97.72,85-101
PS_20261005.pdf,2026-10-05,lun 05 - oct 18 hs,05 de oct al 11 oct'26,2026-10-08,Proyección,Stock (linepack),TRAMOS FINALES,TGS,MMm³,82.18,
PS_20261005.pdf,2026-10-05,lun 05 - oct 18 hs,05 de oct al 11 oct'26,2026-10-08,Proyección,Stock (linepack),TRAMOS FINALES,TGN,MMm³,15.54,
PS_20261005.pdf,2026-10-05,lun 05 - oct 18 hs,05 de oct al 11 oct'26,2026-10-08,Proyección,Saldos,,BUQUE REGASIFICADOR (ESC),MMm³,57.48,
PS_20261005.pdf,2026-10-05,lun 05 - oct 18 hs,05 de oct al 11 oct'26,2026-10-08,Proyección,Saldos,,RESERVA GASBAN,MMm³,8.6,
PS_20261005.pdf,2026-10-05,lun 05 - oct 18 hs,05 de oct al 11 oct'26,2026-10-09,Proyección,Temperatura,,Temperatura Media Estimada Anillo Bs.As.,°C,16.0,
PS_20261005.pdf,2026-10-05,lun 05 - oct 18 hs,05 de oct al 11 oct'26,2026-10-09,Proyección,Demanda total,,DEMANDA TOTAL,MMm³,134.1,
PS_20261005.pdf,2026-10-05,lun 05 - oct 18 hs,05 de oct al 11 oct'26,2026-10-09,Proyección,A- Dentro de sistemas de transporte,,A- DENTRO DE SISTEMAS DE TRANSPORTE,MMm³,119.1,
PS_20261005.pdf,2026-10-05,lun 05 - oct 18 hs,05 de oct al 11 oct'26,2026-10-09,Proyección,A- Dentro de sistemas de transporte,,Demanda Prioritaria (R+SGP),MMm³,46.9,
PS_20261005.pdf,2026-10-05,lun 05 - oct 18 hs,05 de oct al 11 oct'26,2026-10-09,Proyección,A- Dentro de sistemas de transporte,,Ajuste de Demanda (conforme a proyecciones del Sist. de Transporte),MMm³,-1.6,
PS_20261005.pdf,2026-10-05,lun 05 - oct 18 hs,05 de oct al 11 oct'26,2026-10-09,Proyección,A- Dentro de sistemas de transporte,,Gas Combustible,MMm³,3.2,
PS_20261005.pdf,2026-10-05,lun 05 - oct 18 hs,05 de oct al 11 oct'26,2026-10-09,Proyección,A- Dentro de sistemas de transporte,,GNC,MMm³,6.0,
PS_20261005.pdf,2026-10-05,lun 05 - oct 18 hs,05 de oct al 11 oct'26,2026-10-09,Proyección,A- Dentro de sistemas de transporte,,Industria (P3+GU+Grandes C.),MMm³,36.5,
PS_20261005.pdf,2026-10-05,lun 05 - oct 18 hs,05 de oct al 11 oct'26,2026-10-09,Proyección,A- Dentro de sistemas de transporte,,Usinas dentro del Sistema de Transporte,MMm³,21.8,
PS_20261005.pdf,2026-10-05,lun 05 - oct 18 hs,05 de oct al 11 oct'26,2026-10-09,Proyección,A- Dentro de sistemas de transporte,,Exportaciones en el Sistema de Transporte TGN,MMm³,4.4,
PS_20261005.pdf,2026-10-05,lun 05 - oct 18 hs,05 de oct al 11 oct'26,2026-10-09,Proyección,A- Dentro de sistemas de transporte,,Exportaciones en el Sistema de Transporte TGS,MMm³,2.0,
PS_20261005.pdf,2026-10-05,lun 05 - oct 18 hs,05 de oct al 11 oct'26,2026-10-09,Proyección,B- Fuera de sistemas de transporte,,B- FUERA DE SISTEMAS DE TRANSPORTE,MMm³,14.9,
PS_20261005.pdf,2026-10-05,lun 05 - oct 18 hs,05 de oct al 11 oct'26,2026-10-09,Proyección,B- Fuera de sistemas de transporte,,Demanda Tierra del Fuego,MMm³,0.7,
PS_20261005.pdf,2026-10-05,lun 05 - oct 18 hs,05 de oct al 11 oct'26,2026-10-09,Proyección,B- Fuera de sistemas de transporte,,Usinas en Boca Pozo,MMm³,3.6,
PS_20261005.pdf,2026-10-05,lun 05 - oct 18 hs,05 de oct al 11 oct'26,2026-10-09,Proyección,B- Fuera de sistemas de transporte,,Gas Pacífico,MMm³,1.0,
PS_20261005.pdf,2026-10-05,lun 05 - oct 18 hs,05 de oct al 11 oct'26,2026-10-09,Proyección,B- Fuera de sistemas de transporte,,Mega + Metanol,MMm³,8.2,
PS_20261005.pdf,2026-10-05,lun 05 - oct 18 hs,05 de oct al 11 oct'26,2026-10-09,Proyección,B- Fuera de sistemas de transporte,,Refinor,MMm³,0.4,
PS_20261005.pdf,2026-10-05,lun 05 - oct 18 hs,05 de oct al 11 oct'26,2026-10-09,Proyección,B- Fuera de sistemas de transporte,,Gas Atacama,MMm³,0.0,
PS_20261005.pdf,2026-10-05,lun 05 - oct 18 hs,05 de oct al 11 oct'26,2026-10-09,Proyección,B- Fuera de sistemas de transporte,,Methanex,MMm³,1.1,
PS_20261005.pdf,2026-10-05,lun 05 - oct 18 hs,05 de oct al 11 oct'26,2026-10-09,Proyección,Inyecciones (TGN + TGS + ENARSA),,INYECCIONES (TGN + TGS + ENARSA),MMm³,112.6,
PS_20261005.pdf,2026-10-05,lun 05 - oct 18 hs,05 de oct al 11 oct'26,2026-10-09,Proyección,Inyecciones (TGN + TGS + ENARSA),,PRODUCTORES - INYECCION NACIONAL,MMm³,112.6,
PS_20261005.pdf,2026-10-05,lun 05 - oct 18 hs,05 de oct al 11 oct'26,2026-10-09,Proyección,Inyecciones (TGN + TGS + ENARSA),,TGS,MMm³,68.8,
PS_20261005.pdf,2026-10-05,lun 05 - oct 18 hs,05 de oct al 11 oct'26,2026-10-09,Proyección,Inyecciones (TGN + TGS + ENARSA),TGS,Sur,MMm³,22.6,
PS_20261005.pdf,2026-10-05,lun 05 - oct 18 hs,05 de oct al 11 oct'26,2026-10-09,Proyección,Inyecciones (TGN + TGS + ENARSA),TGS,Neuba I,MMm³,9.2,
PS_20261005.pdf,2026-10-05,lun 05 - oct 18 hs,05 de oct al 11 oct'26,2026-10-09,Proyección,Inyecciones (TGN + TGS + ENARSA),TGS,Neuba II,MMm³,37.0,
PS_20261005.pdf,2026-10-05,lun 05 - oct 18 hs,05 de oct al 11 oct'26,2026-10-09,Proyección,Inyecciones (TGN + TGS + ENARSA),TGS,Patagónico,MMm³,0.0,
PS_20261005.pdf,2026-10-05,lun 05 - oct 18 hs,05 de oct al 11 oct'26,2026-10-09,Proyección,Inyecciones (TGN + TGS + ENARSA),,TGN,MMm³,30.3,
PS_20261005.pdf,2026-10-05,lun 05 - oct 18 hs,05 de oct al 11 oct'26,2026-10-09,Proyección,Inyecciones (TGN + TGS + ENARSA),TGN,Norte (incluye importación),MMm³,0.9,
PS_20261005.pdf,2026-10-05,lun 05 - oct 18 hs,05 de oct al 11 oct'26,2026-10-09,Proyección,Inyecciones (TGN + TGS + ENARSA),TGN,Neuquén,MMm³,29.4,
PS_20261005.pdf,2026-10-05,lun 05 - oct 18 hs,05 de oct al 11 oct'26,2026-10-09,Proyección,Inyecciones (TGN + TGS + ENARSA),,ENARSA,MMm³,13.5,
PS_20261005.pdf,2026-10-05,lun 05 - oct 18 hs,05 de oct al 11 oct'26,2026-10-09,Proyección,Inyecciones (TGN + TGS + ENARSA),ENARSA,GPFM,MMm³,13.5,
PS_20261005.pdf,2026-10-05,lun 05 - oct 18 hs,05 de oct al 11 oct'26,2026-10-09,Proyección,Otras inyecciones,,BOLIVIA,MMm³,0.0,
PS_20261005.pdf,2026-10-05,lun 05 - oct 18 hs,05 de oct al 11 oct'26,2026-10-09,Proyección,Otras inyecciones,,Inyección desde Chile,MMm³,0.0,
PS_20261005.pdf,2026-10-05,lun 05 - oct 18 hs,05 de oct al 11 oct'26,2026-10-09,Proyección,Otras inyecciones,,PEAK SHAVING,MMm³,0.0,
PS_20261005.pdf,2026-10-05,lun 05 - oct 18 hs,05 de oct al 11 oct'26,2026-10-09,Proyección,Otras inyecciones,,INYECCIÓN BUQUE ESCOBAR,MMm³,0.0,
PS_20261005.pdf,2026-10-05,lun 05 - oct 18 hs,05 de oct al 11 oct'26,2026-10-09,Proyección,Stock (linepack),,STOCK (TGN+TGS),MMm³,360.9,312-368
PS_20261005.pdf,2026-10-05,lun 05 - oct 18 hs,05 de oct al 11 oct'26,2026-10-09,Proyección,Stock (linepack),,DELTA,MMm³,-6.5,
PS_20261005.pdf,2026-10-05,lun 05 - oct 18 hs,05 de oct al 11 oct'26,2026-10-09,Proyección,Stock (linepack),,TGS,MMm³,229.85,215-235
PS_20261005.pdf,2026-10-05,lun 05 - oct 18 hs,05 de oct al 11 oct'26,2026-10-09,Proyección,Stock (linepack),,TGN,MMm³,131.1,110-142
PS_20261005.pdf,2026-10-05,lun 05 - oct 18 hs,05 de oct al 11 oct'26,2026-10-09,Proyección,Stock (linepack),,TRAMOS INICIALES,MMm³,265.39,218-254
PS_20261005.pdf,2026-10-05,lun 05 - oct 18 hs,05 de oct al 11 oct'26,2026-10-09,Proyección,Stock (linepack),,TRAMOS FINALES,MMm³,95.56,85-101
PS_20261005.pdf,2026-10-05,lun 05 - oct 18 hs,05 de oct al 11 oct'26,2026-10-09,Proyección,Stock (linepack),TRAMOS FINALES,TGS,MMm³,80.41,
PS_20261005.pdf,2026-10-05,lun 05 - oct 18 hs,05 de oct al 11 oct'26,2026-10-09,Proyección,Stock (linepack),TRAMOS FINALES,TGN,MMm³,15.15,
PS_20261005.pdf,2026-10-05,lun 05 - oct 18 hs,05 de oct al 11 oct'26,2026-10-09,Proyección,Saldos,,BUQUE REGASIFICADOR (ESC),MMm³,57.36,
PS_20261005.pdf,2026-10-05,lun 05 - oct 18 hs,05 de oct al 11 oct'26,2026-10-09,Proyección,Saldos,,RESERVA GASBAN,MMm³,8.6,
